time	latitude	longitude	depth	mag	magType	nst	gap	dmin	rms	net	id	updated	place	type	horizontalError	depthError	magError	magNst	status	locationSource	magSource
2025-06-20T16:18:55.073Z	36.6846	25.7839	10.0	4.6	mww	69	50	1.591	0.98	us	us6000qlfq	2025-09-02T21:23:39.040Z	19 km SSW of Amorgós, Greece	earthquake	5.28	1.835	0.062	25	reviewed	us	us
2025-05-12T23:30:09.599Z	36.6305	25.589	5.07	4.9	mww	110	27	1.455	0.69	us	us7000pyx9	2025-07-24T21:30:16.040Z	26 km NE of Oía, Greece	earthquake	4.38	3.659	0.042	55	reviewed	us	us
2025-05-04T17:23:57.706Z	36.6785	25.6835	10.0	4.2	mb	54	67	1.53	0.61	us	us7000px4a	2025-07-12T16:30:45.040Z	25 km SW of Amorgós, Greece	earthquake	5.17	1.879	0.095	31	reviewed	us	us
2025-04-20T08:32:28.598Z	36.6482	25.6956	10.0	4.4	mb	44	83	1.507	0.68	us	us6000q7d0	2025-06-27T00:34:38.040Z	27 km SW of Amorgós, Greece	earthquake	5.46	1.874	0.076	50	reviewed	us	us
2025-04-13T21:41:47.618Z	36.6659	25.7222	10.0	4.2	mb	39	103	1.532	0.63	us	us6000q5ui	2025-06-14T18:26:42.040Z	24 km SW of Amorgós, Greece	earthquake	4.83	1.893	0.095	31	reviewed	us	us
2025-03-27T17:51:48.622Z	36.5518	25.5614	10.0	4.5	mww	94	33	1.374	0.78	us	us7000pn53	2025-06-06T21:12:25.040Z	18 km NE of Firá, Greece	earthquake	3.28	1.762	0.068	21	reviewed	us	us
2025-03-27T01:15:45.476Z	36.4836	25.6665	10.0	4.0	mb	17	106	1.349	1.06	us	us6000q3zb	2025-06-06T21:12:21.040Z	21 km ENE of Mesariá, Greece	earthquake	4.42	1.942	0.231	5	reviewed	us	us
2025-03-22T13:02:34.256Z	36.6067	25.6954	9.866	4.2	mb	20	106	1.469	0.84	us	us7000plv2	2025-05-29T17:36:29.040Z	30 km SW of Amorgós, Greece	earthquake	5.45	5.548	0.141	14	reviewed	us	us
2025-03-21T03:47:32.607Z	36.6289	25.6897	10.0	4.2	mb	55	80	1.487	1.1	us	us7000plhm	2025-05-29T17:36:27.040Z	29 km SW of Amorgós, Greece	earthquake	2.55	1.875	0.11	23	reviewed	us	us
2025-03-16T15:07:46.203Z	36.6862	25.7905	10.0	4.3	mb	44	59	1.575	0.91	us	us6000pz6e	2025-05-17T19:19:59.040Z	18 km SSW of Amorgós, Greece	earthquake	4.92	1.892	0.09	35	reviewed	us	us
2025-03-01T00:41:49.252Z	36.5643	25.7319	10.0	4.0	mb	29	88	1.445	1.13	us	us6000pw78	2025-05-08T19:24:43.040Z	31 km ENE of Firá, Greece	earthquake	4.87	1.932	0.196	7	reviewed	us	us
2025-02-26T22:12:46.940Z	36.5575	25.5829	11.684	4.0	mb	24	105	1.386	0.69	us	us6000pxa5	2025-05-08T19:24:47.040Z	20 km NE of Firá, Greece	earthquake	4.81	2.098	0.15	12	reviewed	us	us
2025-02-26T12:04:35.834Z	36.5639	25.7589	10.0	4.3	mb	24	106	1.456	0.62	us	us6000px9y	2025-05-08T19:24:47.040Z	32 km SSW of Amorgós, Greece	earthquake	5.94	1.918	0.154	12	reviewed	us	us
2025-02-25T00:24:49.387Z	36.6017	25.6142	10.0	3.9	mb	22	85	1.437	0.84	us	us6000px7h	2025-05-06T21:39:15.040Z	25 km NE of Firá, Greece	earthquake	5.95	1.414	0.182	8	reviewed	us	us
2025-02-24T11:33:07.055Z	36.6253	25.6112	10.0	4.5	mb	130	51	1.457	1.02	us	us7000pfs8	2025-05-06T21:39:20.040Z	27 km NE of Oía, Greece	earthquake	6.11	1.862	0.063	74	reviewed	us	us
2025-02-24T00:41:28.858Z	36.5599	25.6837	10.0	4.1	mb	36	105	1.423	0.94	us	us7000pfpz	2025-05-06T21:39:19.040Z	27 km NE of Firá, Greece	earthquake	2.81	1.936	0.165	10	reviewed	us	us
2025-02-19T09:41:09.121Z	36.5825	25.6204	10.0	4.3	mb	43	60	1.421	0.55	us	us7000pepv	2025-05-06T21:39:16.040Z	24 km NE of Firá, Greece	earthquake	5.58	1.905	0.111	23	reviewed	us	us
2025-02-19T04:13:15.455Z	36.6463	25.6261	10.0	4.1	mb	20	102	1.481	1.14	us	us7000penp	2025-05-06T21:39:16.040Z	30 km NE of Oía, Greece	earthquake	4.88	1.943	0.175	9	reviewed	us	us
2025-02-19T01:06:56.343Z	36.5772	25.5486	10.0	4.0	mb	21	100	1.393	0.91	us	us6000pvup	2025-05-06T21:39:13.040Z	19 km NE of Oía, Greece	earthquake	5.58	1.95	0.212	6	reviewed	us	us
2025-02-18T13:43:48.365Z	36.5155	25.8175	10.0	4.0	mb	44	58	1.438	0.94	us	us7000pehr	2025-05-02T16:26:21.040Z	35 km ENE of Mesariá, Greece	earthquake	3.93	1.879	0.119	22	reviewed	us	us
2025-02-18T06:08:09.367Z	36.6394	25.6214	9.631	4.8	mww	145	26	1.473	0.78	us	us7000pefy	2025-05-02T16:26:21.040Z	29 km NE of Oía, Greece	earthquake	4.74	3.137	0.06	27	reviewed	us	us
2025-02-18T04:46:52.092Z	36.6544	25.8261	10.0	5.0	mww	146	26	1.561	0.57	us	us7000pefq	2025-05-02T16:26:21.040Z	20 km SSW of Amorgós, Greece	earthquake	5.51	1.812	0.04	61	reviewed	us	us
2025-02-18T03:09:51.928Z	36.6544	25.7331	10.0	4.0	mb	27	78	1.525	0.43	us	us7000pefh	2025-05-02T16:26:21.040Z	24 km SW of Amorgós, Greece	earthquake	5.66	1.889	0.129	16	reviewed	us	us
2025-02-18T02:54:08.231Z	36.6713	25.7378	10.0	4.6	mww	77	33	1.542	0.58	us	us7000peff	2025-05-02T16:26:21.040Z	22 km SW of Amorgós, Greece	earthquake	5.2	1.824	0.073	18	reviewed	us	us
2025-02-17T20:44:26.176Z	36.4895	25.643	10.0	4.0	mb	32	85	1.346	0.79	us	us7000pec0	2025-05-02T16:26:21.040Z	20 km ENE of Mesariá, Greece	earthquake	5.03	1.852	0.108	23	reviewed	us	us
2025-02-17T15:49:03.802Z	36.6121	25.8192	10.0	4.3	mwr	60	79	1.521	0.6	us	us7000pe91	2025-05-02T16:26:20.040Z	25 km SSW of Amorgós, Greece	earthquake	5.82	1.464	0.073	18	reviewed	us	us
2025-02-17T15:12:11.233Z	36.5802	25.8658	10.0	4.0	mb	20	82	1.513	1.12	us	us6000pvei	2025-05-02T16:26:14.040Z	28 km S of Amorgós, Greece	earthquake	4.7	1.422	0.517	1	reviewed	us	us
2025-02-17T14:05:39.741Z	36.5204	25.6125	10.0	4.3	mwr	82	51	1.363	0.73	us	us7000pe8q	2025-05-02T16:26:20.040Z	19 km NE of Firá, Greece	earthquake	5.2	1.87	0.071	19	reviewed	us	us
2025-02-17T07:49:50.321Z	36.6724	25.5788	10.0	5.0	mww	127	38	1.49	0.67	us	us7000pe7k	2025-05-02T16:26:20.040Z	27 km ESE of Íos, Greece	earthquake	4.9	1.745	0.042	54	reviewed	us	us
2025-02-17T07:46:23.311Z	36.6106	25.6049	10.0	4.5	mb	105	58	1.442	0.61	us	us7000pe7i	2025-05-02T16:26:20.040Z	26 km NE of Firá, Greece	earthquake	4.5	1.809	0.063	75	reviewed	us	us
2025-02-16T23:08:57.542Z	36.6485	25.5943	10.0	4.4	mb	56	58	1.473	0.63	us	us7000pe5s	2025-05-02T16:26:20.040Z	28 km NE of Oía, Greece	earthquake	5.35	1.875	0.073	54	reviewed	us	us
2025-02-16T20:55:58.602Z	36.5817	25.7209	10.0	4.1	mwr	66	85	1.457	0.96	us	us7000pe5c	2025-05-02T16:26:20.040Z	31 km NE of Firá, Greece	earthquake	5.1	1.827	0.075	17	reviewed	us	us
2025-02-16T12:25:53.656Z	36.6074	25.6141	10.0	4.2	mb	30	101	1.442	0.61	us	us6000pv62	2025-05-02T16:26:13.040Z	26 km NE of Firá, Greece	earthquake	4.64	1.409	0.12	19	reviewed	us	us
2025-02-16T08:23:02.337Z	36.6283	25.7354	10.0	4.0	mb	28	105	1.503	0.92	us	us6000pv5u	2025-05-02T16:26:13.040Z	26 km SSW of Amorgós, Greece	earthquake	5.84	1.924	0.13	16	reviewed	us	us
2025-02-16T00:18:45.026Z	36.4405	25.5724	10.0	4.0	mb	45	77	1.277	0.98	us	us7000pe1d	2025-05-02T16:26:19.040Z	12 km ENE of Mesariá, Greece	earthquake	5.62	1.926	0.144	13	reviewed	us	us
2025-02-15T03:37:41.794Z	36.5893	25.609	10.0	4.2	mb	40	75	1.424	0.92	us	us7000pf9w	2025-05-02T16:26:23.040Z	24 km NE of Firá, Greece	earthquake	5.85	1.861	0.132	19	reviewed	us	us
2025-02-14T22:45:18.356Z	36.5964	25.7512	10.0	4.3	mb	38	107	1.481	1.05	us	us7000pf9i	2025-05-02T16:26:23.040Z	29 km SSW of Amorgós, Greece	earthquake	3.2	1.902	0.108	24	reviewed	us	us
2025-02-14T20:18:55.569Z	36.6228	25.7346	10.605	4.2	mb	75	58	1.498	0.63	us	us7000pdu1	2025-05-02T16:26:18.040Z	27 km SSW of Amorgós, Greece	earthquake	5.58	4.129	0.078	50	reviewed	us	us
2025-02-14T14:57:38.471Z	36.5558	25.6101	10.0	4.2	mb	46	76	1.394	0.55	us	us7000pdp7	2025-05-02T16:26:17.040Z	21 km NE of Firá, Greece	earthquake	4.65	1.891	0.121	19	reviewed	us	us
2025-02-13T15:42:21.638Z	36.5453	25.5581	10.0	4.5	mb	54	82	1.367	0.71	us	us7000pde0	2025-05-02T16:26:17.040Z	17 km NE of Firá, Greece	earthquake	5.57	1.867	0.083	51	reviewed	us	us
2025-02-13T15:40:08.198Z	36.7109	25.5546	10.0	4.4	mb	51	71	1.519	0.65	us	us7000pddy	2025-05-02T16:26:17.040Z	24 km E of Íos, Greece	earthquake	4.95	1.638	0.072	56	reviewed	us	us
2025-02-12T23:03:31.125Z	36.6147	25.641	10.228	4.3	mb	32	83	1.457	0.51	us	us7000pd9b	2025-05-02T16:26:16.040Z	28 km NE of Firá, Greece	earthquake	6.25	3.884	0.097	30	reviewed	us	us
2025-02-12T23:02:38.088Z	36.6771	25.5812	10.0	4.4	mb	61	58	1.495	0.58	us	us7000pd9a	2025-05-02T16:26:16.040Z	27 km E of Íos, Greece	earthquake	5.58	1.883	0.072	56	reviewed	us	us
2025-02-12T21:05:06.046Z	36.6178	25.6317	10.0	4.2	mb	32	82	1.457	0.79	us	us7000pd8n	2025-05-02T16:26:16.040Z	28 km NE of Firá, Greece	earthquake	5.0	1.906	0.096	30	reviewed	us	us
2025-02-12T18:34:24.293Z	36.5507	25.5226	10.0	4.6	mww	83	58	1.361	0.77	us	us7000pd7j	2025-05-02T16:26:16.040Z	16 km NE of Oía, Greece	earthquake	4.04	1.754	0.061	26	reviewed	us	us
2025-02-12T16:44:25.397Z	36.5742	25.6474	10.0	4.3	mb	50	84	1.423	1.05	us	us7000pd4h	2025-05-02T16:26:16.040Z	25 km NE of Firá, Greece	earthquake	5.3	1.876	0.082	42	reviewed	us	us
2025-02-12T10:02:10.872Z	36.464	25.6207	10.0	4.3	mb	62	85	1.315	0.66	us	us7000pd35	2025-05-02T16:26:15.040Z	17 km ENE of Mesariá, Greece	earthquake	4.96	1.873	0.087	37	reviewed	us	us
2025-02-12T09:42:33.897Z	36.4345	25.6023	10.0	3.9	mb	17	111	1.282	0.86	us	us7000pf00	2025-05-02T16:26:22.040Z	14 km ENE of Mesariá, Greece	earthquake	5.13	1.918	0.181	8	reviewed	us	us
2025-02-12T09:26:46.938Z	36.5496	25.6117	10.0	4.3	mb	22	106	1.389	0.49	us	us7000pezy	2025-05-02T16:26:22.040Z	21 km NE of Firá, Greece	earthquake	5.53	1.89	0.148	13	reviewed	us	us
2025-02-12T09:22:18.859Z	36.4465	25.6748	10.0	4.5	mb	33	113	1.32	0.72	us	us7000pf0h	2025-05-02T16:26:22.040Z	21 km ENE of Mesariá, Greece	earthquake	5.82	1.784	0.11	24	reviewed	us	us
2025-02-12T09:20:41.712Z	36.4127	25.5886	10.0	4.7	mb	46	59	1.258	0.84	us	us7000pd31	2025-05-02T16:26:15.040Z	12 km E of Mesariá, Greece	earthquake	5.06	1.895	0.089	38	reviewed	us	us
2025-02-12T09:16:10.611Z	36.6173	25.6666	10.0	4.4	mb	23	103	1.469	0.42	us	us7000pf0g	2025-05-02T16:26:22.040Z	30 km NE of Firá, Greece	earthquake	5.19	1.826	0.13	18	reviewed	us	us
2025-02-12T09:15:06.702Z	36.5864	25.5445	10.0	4.8	mww	77	77	1.4	0.57	us	us7000pd30	2025-05-02T16:26:15.040Z	20 km NE of Oía, Greece	earthquake	4.37	1.821	0.061	26	reviewed	us	us
2025-02-12T09:12:18.116Z	36.5069	25.6374	10.0	4.0	mb	33	87	1.359	0.65	us	us7000pezx	2025-05-02T16:26:22.040Z	20 km NE of Mesariá, Greece	earthquake	4.86	1.927	0.164	10	reviewed	us	us
2025-02-12T09:02:15.083Z	36.4384	25.5612	10.0	4.2	mb	18	68	1.271	0.84	us	us7000pezu	2025-05-02T16:26:22.040Z	11 km ENE of Mesariá, Greece	earthquake	4.8	1.942	0.147	13	reviewed	us	us
2025-02-12T08:58:44.704Z	36.473	25.5068	10.0	4.4	mb	64	75	1.284	1.14	us	us7000pd2y	2025-05-02T16:26:15.040Z	8 km NE of Firá, Greece	earthquake	5.77	1.906	0.098	30	reviewed	us	us
2025-02-12T08:56:00.433Z	36.5261	25.5091	10.0	4.2	mb	43	104	1.334	0.92	us	us7000pd2x	2025-05-02T16:26:15.040Z	13 km NNE of Firá, Greece	earthquake	4.47	1.932	0.132	16	reviewed	us	us
2025-02-12T08:52:35.988Z	36.5347	25.6297	10.0	4.0	mb	19	107	1.381	0.86	us	us7000pezr	2025-05-02T16:26:22.040Z	21 km NE of Firá, Greece	earthquake	5.69	1.928	0.197	7	reviewed	us	us
2025-02-12T08:43:55.217Z	36.5313	25.6112	10.0	4.2	mb	25	103	1.372	0.95	us	us7000pf11	2025-05-02T16:26:22.040Z	20 km NE of Firá, Greece	earthquake	4.83	1.929	0.124	18	reviewed	us	us
2025-02-12T08:37:47.010Z	36.4496	25.4082	10.0	4.4	mb	24	104	1.233	0.77	us	us7000pezs	2025-05-02T16:26:22.040Z	3 km ESE of Oía, Greece	earthquake	5.88	1.929	0.138	15	reviewed	us	us
2025-02-12T08:29:50.855Z	36.5749	25.5832	10.0	4.8	mww	114	51	1.402	1.05	us	us7000pd2t	2025-05-02T16:26:15.040Z	21 km NE of Firá, Greece	earthquake	3.7	1.817	0.063	24	reviewed	us	us
2025-02-12T04:21:03.100Z	36.5782	25.6531	10.0	4.4	mb	46	78	1.429	1.21	us	us7000pd26	2025-05-02T16:26:15.040Z	26 km NE of Firá, Greece	earthquake	4.77	1.816	0.091	35	reviewed	us	us
2025-02-12T02:23:11.283Z	36.5396	25.669	10.0	4.3	mb	50	85	1.4	1.26	us	us7000pd1v	2025-05-02T16:26:15.040Z	25 km ENE of Firá, Greece	earthquake	4.5	1.888	0.088	37	reviewed	us	us
2025-02-12T02:18:24.970Z	36.5414	25.5818	10.0	4.1	mb	56	75	1.371	0.98	us	us7000pezc	2025-05-02T16:26:22.040Z	19 km NE of Firá, Greece	earthquake	5.59	1.922	0.127	17	reviewed	us	us
2025-02-12T02:14:20.277Z	36.507	25.5971	10.0	4.5	mb	71	58	1.345	1.05	us	us7000pd1u	2025-05-02T16:26:15.040Z	17 km ENE of Firá, Greece	earthquake	3.79	1.852	0.073	55	reviewed	us	us
2025-02-12T02:06:56.273Z	36.4993	25.6292	10.0	4.1	mb	37	105	1.35	1.2	us	us7000pd1t	2025-05-02T16:26:15.040Z	19 km NE of Mesariá, Greece	earthquake	5.33	1.907	0.109	23	reviewed	us	us
2025-02-12T02:03:37.039Z	36.5119	25.6464	10.0	4.0	mb	36	78	1.367	1.02	us	us7000peza	2025-05-02T16:26:22.040Z	21 km NE of Mesariá, Greece	earthquake	5.32	1.926	0.172	9	reviewed	us	us
2025-02-12T01:35:07.823Z	36.4985	25.6196	10.0	4.3	mb	30	87	1.345	0.89	us	us7000pd1n	2025-05-02T16:26:15.040Z	18 km NE of Mesariá, Greece	earthquake	4.05	1.568	0.154	12	reviewed	us	us
2025-02-12T01:14:54.298Z	36.5549	25.5084	10.0	5.1	mww	183	58	1.36	0.77	us	us7000pd1i	2025-05-02T16:26:15.040Z	15 km NE of Oía, Greece	earthquake	5.77	1.822	0.047	43	reviewed	us	us
2025-02-12T01:12:41.030Z	36.6499	25.7276	10.0	4.2	mb	36	57	1.519	0.61	us	us7000pd1f	2025-05-02T16:26:15.040Z	25 km SW of Amorgós, Greece	earthquake	4.85	1.89	0.099	28	reviewed	us	us
2025-02-11T21:14:58.597Z	36.5624	25.6006	10.0	4.0	mb	20	105	1.396	0.77	us	us7000pete	2025-04-26T14:47:11.040Z	21 km NE of Firá, Greece	earthquake	5.69	1.911	0.155	11	reviewed	us	us
2025-02-11T20:53:26.097Z	36.7278	25.7129	10.0	4.2	mb	52	82	1.584	0.84	us	us7000pd03	2025-04-26T14:47:08.040Z	20 km SW of Amorgós, Greece	earthquake	5.36	1.898	0.09	34	reviewed	us	us
2025-02-11T17:40:19.117Z	36.6234	25.7885	10.0	4.5	mb	64	58	1.519	0.61	us	us7000pcwn	2025-04-26T14:47:08.040Z	25 km SSW of Amorgós, Greece	earthquake	5.01	1.875	0.074	53	reviewed	us	us
2025-02-11T15:10:57.969Z	36.6081	25.7164	10.0	4.4	mb	87	101	1.478	0.57	us	us7000pcvx	2025-04-26T14:47:08.040Z	29 km SSW of Amorgós, Greece	earthquake	4.99	1.854	0.067	72	reviewed	us	us
2025-02-11T14:19:50.052Z	36.7147	25.7426	10.0	4.6	mb	151	33	1.583	0.6	us	us7000pcvr	2025-04-26T14:47:07.040Z	19 km SW of Amorgós, Greece	earthquake	5.95	1.847	0.049	130	reviewed	us	us
2025-02-11T13:11:59.189Z	36.5542	25.7715	10.0	4.1	mb	30	56	1.452	0.83	us	us7000pet2	2025-04-26T14:47:11.040Z	32 km SSW of Amorgós, Greece	earthquake	3.24	1.876	0.145	15	reviewed	us	us
2025-02-11T12:46:57.756Z	36.5085	25.7667	10.0	4.1	mb	36	81	1.411	1.03	us	us7000pet0	2025-04-26T14:47:11.040Z	31 km ENE of Mesariá, Greece	earthquake	5.12	1.911	0.158	11	reviewed	us	us
2025-02-11T12:34:12.671Z	36.6625	25.5171	11.023	4.4	mb	75	78	1.463	0.4	us	us7000pcvb	2025-04-26T14:47:07.040Z	22 km ESE of Íos, Greece	earthquake	5.17	4.031	0.077	48	reviewed	us	us
2025-02-11T12:13:54.470Z	36.5734	25.7615	10.0	4.3	mb	34	61	1.465	0.38	us	us7000pesy	2025-04-26T14:47:11.040Z	31 km SSW of Amorgós, Greece	earthquake	3.27	1.717	0.122	19	reviewed	us	us
2025-02-11T11:57:59.801Z	36.764	25.6377	10.0	4.1	mb	40	73	1.593	0.43	us	us7000pesw	2025-04-26T14:47:11.040Z	24 km WSW of Amorgós, Greece	earthquake	4.87	1.738	0.135	15	reviewed	us	us
2025-02-11T11:43:54.212Z	36.6508	25.7853	10.0	4.9	mww	184	47	1.542	0.44	us	us7000pcv7	2025-04-26T14:47:07.040Z	22 km SSW of Amorgós, Greece	earthquake	5.36	1.784	0.05	39	reviewed	us	us
2025-02-11T11:30:24.996Z	36.6336	25.7257	10.0	4.4	mb	37	105	1.504	0.54	us	us7000pcv5	2025-04-26T14:47:07.040Z	26 km SW of Amorgós, Greece	earthquake	5.57	1.897	0.117	21	reviewed	us	us
2025-02-11T08:51:13.410Z	36.6192	25.8185	10.0	4.0	mb	30	80	1.527	1.09	us	us7000pesn	2025-04-26T14:47:11.040Z	24 km SSW of Amorgós, Greece	earthquake	4.02	1.912	0.196	10	reviewed	us	us
2025-02-11T08:11:25.390Z	36.8241	25.6559	10.0	4.0	mb	17	95	1.654	0.97	us	us7000pesi	2025-04-26T14:47:11.040Z	21 km W of Amorgós, Greece	earthquake	5.12	1.942	0.366	3	reviewed	us	us
2025-02-11T07:17:18.295Z	36.7266	25.6978	10.0	4.7	mww	64	38	1.578	0.69	us	us7000pcuc	2025-04-26T14:47:07.040Z	21 km WSW of Amorgós, Greece	earthquake	5.41	1.855	0.058	29	reviewed	us	us
2025-02-11T06:50:16.189Z	36.6768	25.7458	10.0	4.3	mb	29	103	1.55	1.15	us	us7000pesr	2025-04-26T14:47:11.040Z	21 km SW of Amorgós, Greece	earthquake	4.82	1.902	0.116	21	reviewed	us	us
2025-02-11T06:39:57.329Z	36.7071	25.7677	10.0	4.9	mb	71	58	1.585	0.8	us	us7000pcu8	2025-04-26T14:47:07.040Z	18 km SW of Amorgós, Greece	earthquake	5.19	1.836	0.051	122	reviewed	us	us
2025-02-11T06:07:55.272Z	36.634	25.8096	10.0	4.2	mb	25	107	1.537	1.05	us	us7000pesf	2025-04-26T14:47:11.040Z	23 km SSW of Amorgós, Greece	earthquake	5.16	1.899	0.237	7	reviewed	us	us
2025-02-11T06:00:29.610Z	36.8471	25.7796	10.0	4.5	mb	32	74	1.715	0.81	us	us7000pesp	2025-04-26T14:47:11.040Z	10 km W of Amorgós, Greece	earthquake	4.83	1.896	0.157	15	reviewed	us	us
2025-02-11T05:58:44.528Z	36.6691	25.809	10.0	4.7	mww	60	58	1.567	0.85	us	us7000pcu0	2025-04-26T14:47:07.040Z	19 km SSW of Amorgós, Greece	earthquake	4.42	1.845	0.061	26	reviewed	us	us
2025-02-11T05:49:56.697Z	36.5151	25.853	10.0	4.1	mb	25	81	1.453	0.92	us	us7000pctx	2025-04-26T14:47:07.040Z	35 km S of Amorgós, Greece	earthquake	5.35	1.897	0.145	15	reviewed	us	us
2025-02-11T05:43:46.654Z	36.5406	25.7885	10.0	4.2	mb	30	81	1.447	1.15	us	us7000pctv	2025-04-26T14:47:07.040Z	33 km SSW of Amorgós, Greece	earthquake	4.48	1.216	0.115	21	reviewed	us	us
2025-02-11T05:36:10.899Z	36.5135	25.5561	10.0	4.2	mb	29	106	1.337	0.88	us	us7000pctu	2025-04-26T14:47:07.040Z	15 km NE of Firá, Greece	earthquake	4.61	1.884	0.124	18	reviewed	us	us
2025-02-11T05:14:30.769Z	36.6032	25.7274	10.0	4.5	mb	96	51	1.478	0.95	us	us7000pctn	2025-04-26T14:47:07.040Z	29 km SSW of Amorgós, Greece	earthquake	5.48	1.844	0.07	59	reviewed	us	us
2025-02-11T04:41:32.098Z	36.6436	25.7078	10.0	4.1	mb	23	104	1.507	0.75	us	us7000pes8	2025-04-26T14:47:11.040Z	26 km SW of Amorgós, Greece	earthquake	4.48	1.547	0.151	12	reviewed	us	us
2025-02-11T03:47:31.750Z	36.6239	25.6691	10.0	4.2	mb	44	58	1.475	0.54	us	us7000pctd	2025-04-26T14:47:07.040Z	30 km SW of Amorgós, Greece	earthquake	4.55	1.885	0.092	33	reviewed	us	us
2025-02-11T02:46:48.764Z	36.6847	25.7205	10.0	4.1	mb	28	102	1.548	0.54	us	us7000pct8	2025-04-26T14:47:07.040Z	22 km SW of Amorgós, Greece	earthquake	5.43	1.768	0.116	20	reviewed	us	us
2025-02-11T01:38:21.628Z	36.6893	25.778	10.0	4.0	mb	25	104	1.573	0.65	us	us7000pes0	2025-04-26T14:47:11.040Z	19 km SW of Amorgós, Greece	earthquake	5.57	1.936	0.144	13	reviewed	us	us
2025-02-11T00:02:57.362Z	36.5713	25.6953	10.0	4.1	mb	46	58	1.438	0.77	us	us7000pcsl	2025-04-26T14:47:07.040Z	28 km NE of Firá, Greece	earthquake	4.05	1.881	0.094	35	reviewed	us	us
2025-02-10T23:41:50.534Z	36.6955	25.6436	10.0	4.3	mb	30	100	1.532	0.62	us	us7000pekc	2025-04-26T14:47:11.040Z	27 km WSW of Amorgós, Greece	earthquake	6.41	1.936	0.201	7	reviewed	us	us
2025-02-10T22:51:04.418Z	36.6347	25.5962	10.0	4.2	mb	24	102	1.461	0.44	us	us7000pcse	2025-04-26T14:47:07.040Z	27 km NE of Oía, Greece	earthquake	4.65	1.92	0.141	14	reviewed	us	us
2025-02-10T22:44:30.174Z	36.5571	25.6981	10.0	4.0	mb	46	78	1.426	0.81	us	us7000pek7	2025-04-26T14:47:11.040Z	28 km ENE of Firá, Greece	earthquake	4.88	1.921	0.143	13	reviewed	us	us
2025-02-10T22:44:04.982Z	36.6897	25.5741	10.0	4.0	mb	27	78	1.505	0.74	us	us7000pekb	2025-04-26T14:47:11.040Z	26 km E of Íos, Greece	earthquake	5.34	1.955	0.196	7	reviewed	us	us
2025-02-10T22:37:24.642Z	36.6244	25.6258	10.0	5.1	mww	124	26	1.461	0.64	us	us7000pcs7	2025-04-26T14:47:07.040Z	28 km NE of Firá, Greece	earthquake	4.55	1.59	0.043	51	reviewed	us	us
2025-02-10T21:37:35.784Z	36.6744	25.8269	10.0	4.1	mb	39	105	1.579	0.89	us	us7000pcrr	2025-04-26T14:47:07.040Z	18 km SSW of Amorgós, Greece	earthquake	4.61	1.929	0.157	11	reviewed	us	us
2025-02-10T20:16:28.738Z	36.6898	25.6536	10.0	5.3	mww	114	19	1.53	0.76	us	us7000pcr3	2025-04-26T14:47:07.040Z	26 km SW of Amorgós, Greece	earthquake	5.16	1.829	0.041	58	reviewed	us	us
2025-02-10T19:32:35.599Z	36.567	25.667	10.0	4.0	mb	31	104	1.424	0.66	us	us7000pek1	2025-04-26T14:47:11.040Z	26 km NE of Firá, Greece	earthquake	5.62	1.931	0.173	9	reviewed	us	us
2025-02-10T14:23:27.674Z	36.6571	25.6125	10.0	4.1	mb	19	101	1.487	1.18	us	us7000pejt	2025-04-26T14:47:11.040Z	30 km NE of Oía, Greece	earthquake	6.08	1.951	0.26	4	reviewed	us	us
2025-02-10T13:31:58.975Z	36.6511	25.7362	10.0	4.1	mb	35	77	1.524	0.82	us	us7000pek0	2025-04-26T14:47:11.040Z	24 km SW of Amorgós, Greece	earthquake	5.61	1.936	0.146	13	reviewed	us	us
2025-02-10T13:14:34.160Z	36.6109	25.6787	10.0	4.3	mb	114	58	1.467	0.92	us	us7000pcmw	2025-04-26T14:47:06.040Z	30 km NE of Firá, Greece	earthquake	5.39	1.835	0.073	53	reviewed	us	us
2025-02-10T11:43:55.229Z	36.5754	25.6104	10.0	4.3	mb	48	89	1.411	0.97	us	us7000pcml	2025-04-26T14:47:06.040Z	23 km NE of Firá, Greece	earthquake	5.69	1.189	0.122	19	reviewed	us	us
2025-02-10T11:23:17.847Z	36.7163	25.7463	10.0	4.7	mww	67	57	1.585	0.65	us	us7000pcmg	2025-04-26T14:47:06.040Z	18 km SW of Amorgós, Greece	earthquake	4.87	1.862	0.063	24	reviewed	us	us
2025-02-10T10:27:32.636Z	36.5693	25.598	10.0	4.1	mb	20	105	1.402	0.82	us	us7000pcm9	2025-04-26T14:47:06.040Z	22 km NE of Firá, Greece	earthquake	5.51	1.447	0.15	12	reviewed	us	us
2025-02-10T08:20:25.345Z	36.5624	25.5508	9.269	4.4	mb	101	58	1.38	0.42	us	us7000pcls	2025-04-26T14:47:06.040Z	19 km NE of Firá, Greece	earthquake	4.8	3.996	0.066	67	reviewed	us	us
2025-02-10T08:06:13.075Z	36.6868	25.3112	10.0	4.3	mb	53	65	1.437	0.63	us	us7000pejq	2025-04-26T14:47:11.040Z	4 km SSE of Íos, Greece	earthquake	3.43	1.889	0.111	23	reviewed	us	us
2025-02-10T04:51:45.418Z	36.5116	25.7333	10.0	4.0	mb	19	111	1.4	0.72	us	us7000pej8	2025-04-26T14:47:10.040Z	28 km ENE of Mesariá, Greece	earthquake	4.39	1.91	0.164	10	reviewed	us	us
2025-02-10T01:00:00.396Z	36.5993	25.571	10.0	4.1	mb	42	81	1.421	0.69	us	us7000pck7	2025-04-26T14:47:06.040Z	23 km NE of Oía, Greece	earthquake	3.59	1.921	0.087	36	reviewed	us	us
2025-02-09T20:35:41.847Z	36.6475	25.5604	10.0	4.3	mb	58	82	1.462	0.76	us	us7000pcj8	2025-04-26T14:47:06.040Z	26 km ESE of Íos, Greece	earthquake	5.1	1.073	0.085	39	reviewed	us	us
2025-02-09T19:31:39.888Z	36.5253	25.5595	10.0	4.4	mb	68	88	1.349	0.64	us	us7000pcip	2025-04-26T14:47:06.040Z	16 km NE of Firá, Greece	earthquake	3.95	1.878	0.076	50	reviewed	us	us
2025-02-09T19:25:12.421Z	36.5848	25.598	10.0	4.3	mb	65	58	1.416	0.73	us	us7000pcin	2025-04-26T14:47:06.040Z	23 km NE of Firá, Greece	earthquake	5.15	1.861	0.081	43	reviewed	us	us
2025-02-09T19:17:15.287Z	36.4741	25.5152	10.0	4.7	mb	73	107	1.288	0.5	us	us7000pcil	2025-04-26T14:47:06.040Z	9 km NE of Firá, Greece	earthquake	4.79	1.798	0.075	54	reviewed	us	us
2025-02-09T19:16:42.880Z	36.5049	25.4898	10.0	4.6	mb	80	80	1.308	0.56	us	us7000pcij	2025-04-26T14:47:06.040Z	10 km NNE of Firá, Greece	earthquake	5.42	1.86	0.054	101	reviewed	us	us
2025-02-09T19:08:55.324Z	36.6915	25.5693	10.0	4.3	mb	28	98	1.505	0.79	us	us7000pear	2025-04-26T14:47:10.040Z	25 km E of Íos, Greece	earthquake	5.09	1.955	0.168	10	reviewed	us	us
2025-02-09T19:05:38.291Z	36.6626	25.6271	10.0	5.2	mww	103	38	1.496	0.71	us	us7000pcih	2025-04-26T14:47:06.040Z	30 km SW of Amorgós, Greece	earthquake	5.0	1.819	0.044	49	reviewed	us	us
2025-02-09T19:05:24.515Z	36.6942	25.5303	10.0	4.0	mb	24	168	2.143	0.36	us	us7000peac	2025-04-26T14:47:10.040Z	22 km E of Íos, Greece	earthquake	9.77	1.957	0.138	14	reviewed	us	us
2025-02-09T18:53:58.322Z	36.5231	25.5964	10.0	4.7	mb	88	58	1.359	1.08	us	us7000pcid	2025-04-26T14:47:06.040Z	18 km NE of Firá, Greece	earthquake	4.63	1.799	0.053	110	reviewed	us	us
2025-02-09T18:53:30.810Z	36.5844	25.6274	10.0	4.3	mb	68	36	1.425	0.49	us	us7000pea8	2025-04-26T14:47:10.040Z	25 km NE of Firá, Greece	earthquake	5.38	1.799	0.083	41	reviewed	us	us
2025-02-09T18:41:41.801Z	36.5698	25.599	10.0	4.3	mb	61	64	1.403	0.64	us	us7000pcib	2025-04-26T14:47:06.040Z	22 km NE of Firá, Greece	earthquake	5.4	1.872	0.089	36	reviewed	us	us
2025-02-09T15:55:28.045Z	36.6314	25.5519	10.0	4.1	mb	30	101	1.444	1.08	us	us7000pchq	2025-04-26T14:47:06.040Z	24 km NE of Oía, Greece	earthquake	5.4	1.909	0.127	17	reviewed	us	us
2025-02-09T15:16:30.091Z	36.5367	25.6531	10.0	4.5	mb	58	65	1.392	0.9	us	us7000pchj	2025-04-26T14:47:06.040Z	23 km ENE of Firá, Greece	earthquake	4.24	1.512	0.068	64	reviewed	us	us
2025-02-09T12:32:32.188Z	36.5749	25.5557	10.0	4.2	mb	50	101	1.393	0.52	us	us7000pch9	2025-04-26T14:47:05.040Z	20 km NE of Oía, Greece	earthquake	4.37	1.641	0.101	27	reviewed	us	us
2025-02-09T11:59:44.242Z	36.5755	25.7166	10.0	4.4	mb	131	38	1.449	0.5	us	us7000pch7	2025-04-26T14:47:05.040Z	30 km ENE of Firá, Greece	earthquake	1.82	1.844	0.054	102	reviewed	us	us
2025-02-09T11:54:41.671Z	36.5874	25.6223	10.0	4.3	mb	73	83	1.426	0.53	us	us7000pch5	2025-04-26T14:47:05.040Z	25 km NE of Firá, Greece	earthquake	4.76	1.866	0.077	47	reviewed	us	us
2025-02-09T09:02:03.636Z	36.5403	25.6375	10.0	4.2	mb	47	104	1.389	0.43	us	us7000pcgl	2025-04-26T14:47:05.040Z	22 km NE of Firá, Greece	earthquake	4.79	1.887	0.087	37	reviewed	us	us
2025-02-09T08:06:31.410Z	36.5694	25.7208	10.0	4.2	mb	22	108	1.446	0.62	us	us7000pcga	2025-04-26T14:47:05.040Z	30 km ENE of Firá, Greece	earthquake	4.75	1.929	0.136	15	reviewed	us	us
2025-02-09T05:01:59.076Z	36.5913	25.6028	10.0	4.2	mb	38	104	1.423	0.65	us	us7000pcfe	2025-04-26T14:47:05.040Z	24 km NE of Firá, Greece	earthquake	5.6	1.894	0.097	30	reviewed	us	us
2025-02-09T04:47:31.887Z	36.5476	25.7028	10.0	4.2	mb	55	79	1.42	1.29	us	us7000pcf7	2025-04-26T14:47:05.040Z	28 km ENE of Firá, Greece	earthquake	2.6	1.874	0.104	26	reviewed	us	us
2025-02-09T02:55:50.122Z	36.4657	25.5873	10.0	4.0	mb	31	77	1.305	1.0	us	us7000pcei	2025-04-26T14:47:05.040Z	14 km ENE of Mesariá, Greece	earthquake	3.52	1.865	0.15	12	reviewed	us	us
2025-02-09T02:51:50.320Z	36.4924	25.6485	10.0	4.1	mb	24	78	1.351	0.55	us	us7000pe9t	2025-04-26T14:47:10.040Z	20 km ENE of Mesariá, Greece	earthquake	4.98	1.923	0.184	8	reviewed	us	us
2025-02-09T02:50:48.240Z	36.4816	25.5543	10.0	4.2	mb	27	76	1.308	0.93	us	us7000pe9l	2025-04-26T14:47:10.040Z	12 km ENE of Firá, Greece	earthquake	5.37	1.902	0.146	13	reviewed	us	us
2025-02-09T01:35:15.864Z	36.4503	25.4819	10.0	4.5	mb	41	74	1.256	1.12	us	us7000pce5	2025-04-26T14:47:05.040Z	5 km NE of Firá, Greece	earthquake	5.51	1.876	0.145	14	reviewed	us	us
2025-02-08T17:15:13.803Z	36.5732	25.6311	10.0	4.4	mwr	100	80	1.417	0.68	us	us7000pcch	2025-04-26T14:47:05.040Z	24 km NE of Firá, Greece	earthquake	5.68	1.831	0.078	16	reviewed	us	us
2025-02-08T16:51:46.954Z	36.599	25.702	10.0	4.1	mb	42	85	1.465	0.51	us	us7000pccc	2025-04-26T14:47:05.040Z	31 km SW of Amorgós, Greece	earthquake	4.66	1.894	0.088	40	reviewed	us	us
2025-02-08T16:29:58.782Z	36.7256	25.6167	10.0	4.3	mb	103	80	1.551	0.68	us	us7000pcc8	2025-04-26T14:47:05.040Z	27 km WSW of Amorgós, Greece	earthquake	3.15	1.843	0.059	86	reviewed	us	us
2025-02-08T09:24:03.220Z	36.5093	25.534	10.0	4.6	mb	47	82	1.326	0.59	us	us7000pcau	2025-04-26T14:47:04.040Z	13 km NE of Firá, Greece	earthquake	5.32	1.855	0.062	77	reviewed	us	us
2025-02-08T09:15:48.633Z	36.3797	25.6053	10.0	4.2	mb	22	87	1.235	1.01	us	us7000pcaq	2025-04-26T14:47:04.040Z	14 km E of Mesariá, Greece	earthquake	4.19	1.904	0.121	19	reviewed	us	us
2025-02-08T09:10:06.299Z	36.5971	25.572	10.0	4.5	mb	54	81	1.419	0.88	us	us7000pcan	2025-04-26T14:47:04.040Z	23 km NE of Oía, Greece	earthquake	2.1	1.886	0.074	53	reviewed	us	us
2025-02-08T09:07:18.425Z	36.6223	25.594	10.0	4.0	mb	38	102	1.449	0.65	us	us7000pdsc	2025-04-26T14:47:10.040Z	26 km NE of Oía, Greece	earthquake	5.78	1.891	0.098	28	reviewed	us	us
2025-02-08T09:00:40.947Z	36.5839	25.614	10.0	4.9	mww	78	25	1.42	0.63	us	us7000pcah	2025-04-26T14:47:04.040Z	24 km NE of Firá, Greece	earthquake	5.39	1.848	0.055	32	reviewed	us	us
2025-02-08T08:56:14.719Z	36.5351	25.5283	10.0	4.3	mb	35	81	1.348	0.59	us	us7000pcar	2025-04-26T14:47:04.040Z	15 km NE of Firá, Greece	earthquake	5.38	1.886	0.098	29	reviewed	us	us
2025-02-08T08:36:03.940Z	36.5766	25.606	10.0	4.8	mb	118	58	1.411	0.69	us	us7000pcac	2025-04-26T14:47:04.040Z	23 km NE of Firá, Greece	earthquake	2.76	1.835	0.052	112	reviewed	us	us
2025-02-08T08:28:13.656Z	36.5404	25.7897	10.0	4.2	mb	28	108	1.448	0.59	us	us7000pcaa	2025-04-26T14:47:04.040Z	33 km SSW of Amorgós, Greece	earthquake	4.89	1.899	0.128	17	reviewed	us	us
2025-02-08T08:16:39.021Z	36.5757	25.7169	10.0	4.4	mb	54	105	1.45	0.97	us	us7000pca9	2025-04-26T14:47:04.040Z	30 km ENE of Firá, Greece	earthquake	4.72	1.804	0.087	38	reviewed	us	us
2025-02-08T03:36:04.280Z	36.5373	25.5777	10.0	4.3	mb	26	82	1.366	0.5	us	us7000pds1	2025-04-26T14:47:10.040Z	18 km NE of Firá, Greece	earthquake	5.88	1.76	0.177	10	reviewed	us	us
2025-02-08T03:11:23.649Z	36.5038	25.6604	10.0	4.4	mb	48	78	1.365	1.09	us	us7000pc8z	2025-04-26T14:47:04.040Z	22 km ENE of Mesariá, Greece	earthquake	4.86	1.313	0.107	25	reviewed	us	us
2025-02-08T03:08:34.136Z	36.5678	25.7027	10.0	4.3	mb	53	78	1.437	1.07	us	us7000pc8w	2025-04-26T14:47:04.040Z	29 km ENE of Firá, Greece	earthquake	4.93	1.529	0.096	32	reviewed	us	us
2025-02-08T01:52:03.571Z	36.5956	25.6859	10.0	4.6	mww	76	51	1.456	1.0	us	us7000pc8g	2025-04-26T14:47:04.040Z	29 km NE of Firá, Greece	earthquake	4.3	1.797	0.065	23	reviewed	us	us
2025-02-07T15:17:27.693Z	36.7113	25.6427	10.0	4.6	mb	61	77	1.546	0.65	us	us7000pdr4	2025-04-26T14:47:10.040Z	26 km WSW of Amorgós, Greece	earthquake	5.09	1.833	0.081	50	reviewed	us	us
2025-02-07T15:16:49.568Z	36.6165	25.6204	10.0	4.6	mb	37	51	1.452	0.8	us	us7000pc4s	2025-04-26T14:47:04.040Z	27 km NE of Firá, Greece	earthquake	2.38	1.888	0.119	25	reviewed	us	us
2025-02-07T12:29:08.614Z	36.5994	25.5155	10.0	4.1	mb	26	101	1.404	0.43	us	us7000pdqy	2025-04-26T14:47:09.040Z	19 km NE of Oía, Greece	earthquake	5.66	1.898	0.15	12	reviewed	us	us
2025-02-07T10:32:05.141Z	36.2997	25.6272	10.0	4.3	mb	31	119	1.174	0.73	us	us7000pdqj	2025-04-26T14:47:09.040Z	17 km ESE of Emporeío, Greece	earthquake	5.62	1.784	0.143	14	reviewed	us	us
2025-02-07T10:30:28.148Z	36.5592	25.4803	10.0	4.4	mb	45	102	1.356	0.48	us	us7000pc2q	2025-04-26T14:47:04.040Z	14 km NE of Oía, Greece	earthquake	5.4	1.88	0.098	30	reviewed	us	us
2025-02-07T08:52:21.407Z	36.5882	25.57	10.0	4.1	mb	27	103	1.41	0.88	us	us7000pdqg	2025-04-26T14:47:09.040Z	22 km NE of Oía, Greece	earthquake	5.23	1.828	0.135	15	reviewed	us	us
2025-02-07T07:36:14.156Z	36.4619	25.5745	10.0	4.0	mb	34	86	1.297	1.08	us	us7000pdq7	2025-04-26T14:47:09.040Z	13 km ENE of Mesariá, Greece	earthquake	3.95	1.897	0.119	19	reviewed	us	us
2025-02-07T07:16:15.200Z	36.5924	25.6059	10.0	4.9	mww	73	58	1.425	0.9	us	us7000pc23	2025-04-26T14:47:03.040Z	24 km NE of Firá, Greece	earthquake	5.46	1.855	0.063	24	reviewed	us	us
2025-02-07T07:11:23.267Z	36.6445	25.6163	10.0	4.4	mb	46	78	1.476	0.61	us	us7000pc24	2025-04-26T14:47:03.040Z	29 km NE of Oía, Greece	earthquake	3.7	1.861	0.086	39	reviewed	us	us
2025-02-07T05:07:20.069Z	36.4694	25.7223	10.0	4.1	mb	19	113	1.359	1.25	us	us7000pdrj	2025-04-26T14:47:10.040Z	25 km ENE of Mesariá, Greece	earthquake	5.35	1.474	0.185	8	reviewed	us	us
2025-02-07T05:06:39.420Z	36.5471	25.613	10.0	4.1	mb	40	106	1.387	1.22	us	us7000pc0z	2025-04-26T14:47:03.040Z	21 km NE of Firá, Greece	earthquake	4.84	1.725	0.094	31	reviewed	us	us
2025-02-07T04:56:39.697Z	36.5637	25.6068	10.0	4.2	mb	30	105	1.4	0.84	us	us7000pdpz	2025-04-26T14:47:09.040Z	22 km NE of Firá, Greece	earthquake	3.68	1.749	0.118	20	reviewed	us	us
2025-02-07T03:35:33.451Z	36.5114	25.5061	10.0	4.4	mb	49	74	1.319	0.98	us	us7000pc04	2025-04-26T14:47:03.040Z	12 km NE of Firá, Greece	earthquake	5.37	1.831	0.109	24	reviewed	us	us
2025-02-06T20:08:11.019Z	36.605	25.5811	10.0	4.2	mb	45	78	1.429	0.54	us	us7000pbxc	2025-04-26T14:47:03.040Z	24 km NE of Oía, Greece	earthquake	4.98	1.88	0.115	21	reviewed	us	us
2025-02-06T19:34:47.242Z	36.5043	25.6455	10.0	4.4	mb	69	61	1.36	0.71	us	us7000pbx6	2025-04-26T14:47:03.040Z	21 km ENE of Mesariá, Greece	earthquake	4.89	1.818	0.073	54	reviewed	us	us
2025-02-06T18:16:45.198Z	36.5207	25.638	10.0	4.3	mb	60	84	1.371	0.82	us	us7000pbwr	2025-04-26T14:47:03.040Z	21 km ENE of Firá, Greece	earthquake	4.72	1.878	0.084	40	reviewed	us	us
2025-02-06T18:03:39.830Z	36.5168	25.5922	10.0	4.1	mb	42	103	1.352	0.74	us	us7000pbw6	2025-04-26T14:47:03.040Z	17 km NE of Firá, Greece	earthquake	5.67	1.916	0.112	22	reviewed	us	us
2025-02-06T14:09:55.814Z	36.5594	25.5624	10.0	4.4	mb	37	104	1.381	0.87	us	us7000pbti	2025-04-26T14:47:03.040Z	19 km NE of Firá, Greece	earthquake	5.58	1.822	0.098	33	reviewed	us	us
2025-02-06T11:29:19.569Z	36.4855	25.6732	10.0	4.1	mb	30	93	1.354	0.53	us	us7000pdmn	2025-04-26T14:47:09.040Z	22 km ENE of Mesariá, Greece	earthquake	3.64	1.896	0.165	10	reviewed	us	us
2025-02-06T08:29:38.436Z	36.529	25.6307	10.0	4.1	mb	22	107	1.377	0.65	us	us7000pdmz	2025-04-26T14:47:09.040Z	21 km ENE of Firá, Greece	earthquake	4.91	1.9	0.151	12	reviewed	us	us
2025-02-06T07:57:45.018Z	36.554	25.638	10.0	4.5	mb	67	81	1.402	0.71	us	us7000pbs6	2025-04-26T14:47:03.040Z	23 km NE of Firá, Greece	earthquake	5.56	1.872	0.067	65	reviewed	us	us
2025-02-06T06:23:04.636Z	36.4627	25.764	10.0	4.2	mb	16	109	1.37	0.55	us	us7000pdns	2025-04-26T14:47:09.040Z	29 km ENE of Mesariá, Greece	earthquake	5.81	1.92	0.152	12	reviewed	us	us
2025-02-06T06:21:57.019Z	36.5779	25.5158	10.0	4.4	mb	32	99	1.384	0.51	us	us7000pbs0	2025-04-26T14:47:03.040Z	17 km NE of Oía, Greece	earthquake	4.58	1.876	0.107	25	reviewed	us	us
2025-02-06T06:00:42.945Z	36.5965	25.6156	10.0	4.2	mb	24	102	1.432	0.85	us	us7000pdmp	2025-04-26T14:47:09.040Z	25 km NE of Firá, Greece	earthquake	4.79	1.911	0.136	15	reviewed	us	us
2025-02-06T05:51:47.236Z	36.5889	25.5151	10.0	4.7	mb	91	38	1.394	0.9	us	us7000pbrr	2025-04-26T14:47:03.040Z	18 km NE of Oía, Greece	earthquake	4.99	1.83	0.06	84	reviewed	us	us
2025-02-06T04:26:24.930Z	36.5911	25.7151	10.0	4.0	mb	30	78	1.463	0.76	us	us7000pdmj	2025-04-26T14:47:09.040Z	31 km SSW of Amorgós, Greece	earthquake	4.89	1.936	0.195	7	reviewed	us	us
2025-02-06T04:08:18.419Z	36.5883	25.6528	10.0	4.1	mb	25	80	1.438	0.55	us	us7000pbr0	2025-04-26T14:47:03.040Z	27 km NE of Firá, Greece	earthquake	5.83	1.919	0.104	25	reviewed	us	us
2025-02-06T03:42:53.895Z	36.5629	25.5747	10.0	4.0	mb	36	101	1.388	1.02	us	us7000pdmi	2025-04-26T14:47:09.040Z	20 km NE of Firá, Greece	earthquake	5.12	1.94	0.157	11	reviewed	us	us
2025-02-06T03:36:40.836Z	36.5277	25.6116	10.0	4.4	mb	54	82	1.369	1.03	us	us7000pbqv	2025-04-26T14:47:03.040Z	20 km NE of Firá, Greece	earthquake	5.59	1.512	0.075	52	reviewed	us	us
2025-02-06T03:33:51.787Z	36.5844	25.5382	10.0	4.4	mb	47	80	1.397	0.56	us	us7000pbqt	2025-04-26T14:47:03.040Z	19 km NE of Oía, Greece	earthquake	4.77	1.697	0.085	40	reviewed	us	us
2025-02-06T03:32:17.025Z	36.6515	25.6017	10.0	4.0	mb	14	101	1.478	0.66	us	us7000pdm1	2025-04-26T14:47:09.040Z	29 km NE of Oía, Greece	earthquake	6.22	1.95	0.173	9	reviewed	us	us
2025-02-06T03:28:55.347Z	36.5634	25.5821	10.0	4.3	mb	42	105	1.391	0.75	us	us7000pbqr	2025-04-26T14:47:03.040Z	20 km NE of Firá, Greece	earthquake	5.42	1.898	0.084	40	reviewed	us	us
2025-02-06T03:23:38.285Z	36.575	25.326	10.0	4.4	mb	46	110	2.284	0.87	us	us7000pdm0	2025-04-26T14:47:09.040Z	13 km NNW of Oía, Greece	earthquake	6.94	1.922	0.1	29	reviewed	us	us
2025-02-06T03:23:08.406Z	36.6338	25.5307	10.0	4.6	mb	71	58	1.44	0.7	us	us7000pbqp	2025-04-26T14:47:03.040Z	23 km NE of Oía, Greece	earthquake	5.52	1.866	0.066	68	reviewed	us	us
2025-02-06T03:19:14.950Z	36.5165	25.5306	10.0	4.2	mb	29	81	1.332	0.98	us	us7000pbqw	2025-04-26T14:47:03.040Z	13 km NE of Firá, Greece	earthquake	4.82	1.896	0.1	28	reviewed	us	us
2025-02-06T03:13:31.851Z	36.5405	25.6208	10.0	4.0	mb	18	107	1.384	0.88	us	us7000pdnw	2025-04-26T14:47:09.040Z	21 km NE of Firá, Greece	earthquake	4.43	1.672	0.196	7	reviewed	us	us
2025-02-06T03:11:49.638Z	36.6169	25.4489	10.0	4.0	mb	25	96	1.402	0.87	us	us7000pbqn	2025-04-26T14:47:03.040Z	18 km NNE of Oía, Greece	earthquake	5.1	1.935	0.143	13	reviewed	us	us
2025-02-06T03:06:03.788Z	36.584	25.6604	10.0	4.1	mb	22	77	1.437	0.87	us	us7000pdnv	2025-04-26T14:47:09.040Z	27 km NE of Firá, Greece	earthquake	5.16	1.934	0.185	8	reviewed	us	us
2025-02-06T03:05:26.931Z	36.215	25.3845	10.0	4.1	mb	26	105	1.009	1.34	us	us7000pdlx	2025-04-26T14:47:09.040Z	16 km SSW of Emporeío, Greece	earthquake	6.32	1.946	0.117	20	reviewed	us	us
2025-02-06T03:03:17.564Z	36.5249	25.5965	10.0	4.2	mb	32	103	1.361	1.24	us	us7000pdlt	2025-04-26T14:47:09.040Z	18 km NE of Firá, Greece	earthquake	4.45	1.916	0.108	24	reviewed	us	us
2025-02-06T03:00:44.920Z	36.6435	25.5646	10.0	4.4	mb	31	51	1.459	0.91	us	us7000pdnr	2025-04-26T14:47:09.040Z	26 km NE of Oía, Greece	earthquake	3.94	1.893	0.162	11	reviewed	us	us
2025-02-06T03:00:04.458Z	36.5506	25.5337	10.0	4.2	mb	37	58	1.364	0.83	us	us7000pbqj	2025-04-26T14:47:03.040Z	17 km NNE of Firá, Greece	earthquake	4.35	1.911	0.084	40	reviewed	us	us
2025-02-06T02:56:57.176Z	36.6553	25.5847	10.0	4.3	mb	38	99	1.476	0.96	us	us7000pdlw	2025-04-26T14:47:09.040Z	28 km ESE of Íos, Greece	earthquake	5.76	1.903	0.122	19	reviewed	us	us
2025-02-06T02:54:48.315Z	36.3625	25.6068	10.0	4.5	mb	46	108	1.22	0.99	us	us7000pdlv	2025-04-26T14:47:09.040Z	14 km E of Emporeío, Greece	earthquake	5.42	1.883	0.091	35	reviewed	us	us
2025-02-06T02:54:21.080Z	36.4859	25.6259	10.0	4.5	mb	58	85	1.336	0.77	us	us7000pbqh	2025-04-26T14:47:02.040Z	18 km ENE of Mesariá, Greece	earthquake	5.59	1.877	0.072	56	reviewed	us	us
2025-02-06T02:52:42.751Z	36.5855	25.6518	10.0	4.4	mb	47	80	1.435	1.03	us	us7000pbqf	2025-04-26T14:47:02.040Z	26 km NE of Firá, Greece	earthquake	4.89	1.888	0.08	45	reviewed	us	us
2025-02-06T02:48:36.799Z	36.4844	25.6269	10.0	4.4	mb	50	58	1.335	0.7	us	us7000pbqe	2025-04-26T14:47:02.040Z	18 km ENE of Mesariá, Greece	earthquake	4.34	1.895	0.079	47	reviewed	us	us
2025-02-06T02:45:53.538Z	36.5891	25.6876	10.0	4.3	mb	46	58	1.451	0.55	us	us7000pbqd	2025-04-26T14:47:02.040Z	29 km NE of Firá, Greece	earthquake	4.88	1.892	0.082	42	reviewed	us	us
2025-02-06T02:27:27.716Z	36.5214	25.6357	10.0	4.3	mb	48	58	1.372	0.67	us	us7000pbq9	2025-04-26T14:47:02.040Z	21 km ENE of Firá, Greece	earthquake	5.61	1.898	0.08	45	reviewed	us	us
2025-02-06T02:24:23.155Z	36.6312	25.6651	10.0	4.5	mb	75	58	1.481	0.91	us	us7000pbq8	2025-04-26T14:47:02.040Z	30 km SW of Amorgós, Greece	earthquake	5.23	1.852	0.065	70	reviewed	us	us
2025-02-06T02:02:10.914Z	36.6944	25.6693	10.0	4.2	mb	52	58	1.539	0.83	us	us7000pbq6	2025-04-26T14:47:02.040Z	25 km SW of Amorgós, Greece	earthquake	4.37	1.871	0.076	48	reviewed	us	us
2025-02-06T01:41:05.492Z	36.6184	25.7369	10.0	4.1	mb	32	106	1.495	0.64	us	us7000pbq5	2025-04-26T14:47:02.040Z	27 km SSW of Amorgós, Greece	earthquake	4.42	1.798	0.098	28	reviewed	us	us
2025-02-05T23:16:41.361Z	36.6105	25.6483	10.0	4.2	mb	53	58	1.456	0.61	us	us7000pbpa	2025-04-26T14:47:02.040Z	28 km NE of Firá, Greece	earthquake	4.29	1.868	0.08	44	reviewed	us	us
2025-02-05T22:59:23.744Z	36.4914	25.7564	10.0	4.1	mb	34	113	1.392	0.77	us	us7000pbp4	2025-04-26T14:47:02.040Z	29 km ENE of Mesariá, Greece	earthquake	5.69	1.895	0.096	30	reviewed	us	us
2025-02-05T22:57:45.590Z	36.6378	25.6473	10.0	4.2	mb	50	58	1.481	0.56	us	us7000pbp3	2025-04-26T14:47:02.040Z	30 km NE of Firá, Greece	earthquake	4.26	1.87	0.079	45	reviewed	us	us
2025-02-05T22:33:27.540Z	36.6464	25.7297	10.0	4.1	mb	34	105	1.517	0.8	us	us7000pdgd	2025-04-26T14:47:09.040Z	25 km SW of Amorgós, Greece	earthquake	4.93	1.902	0.105	25	reviewed	us	us
2025-02-05T21:05:00.010Z	36.6622	25.6841	10.0	4.1	mb	27	100	1.515	0.66	us	us7000pdg8	2025-04-26T14:47:09.040Z	26 km SW of Amorgós, Greece	earthquake	4.41	1.923	0.146	13	reviewed	us	us
2025-02-05T19:09:38.388Z	36.6148	25.6436	10.0	5.1	mww	132	47	1.458	1.0	us	us7000pbmp	2025-04-26T14:47:02.040Z	28 km NE of Firá, Greece	earthquake	4.89	1.817	0.042	54	reviewed	us	us
2025-02-05T19:00:47.706Z	36.5671	25.655	10.0	4.4	mb	93	51	1.419	0.96	us	us7000pbml	2025-04-26T14:47:02.040Z	25 km NE of Firá, Greece	earthquake	5.11	1.85	0.072	55	reviewed	us	us
2025-02-05T17:47:26.249Z	36.5406	25.6733	10.0	4.8	mww	104	78	1.402	0.74	us	us7000pbln	2025-04-26T14:47:02.040Z	25 km ENE of Firá, Greece	earthquake	5.59	1.858	0.06	27	reviewed	us	us
2025-02-05T17:45:51.503Z	36.6374	25.742	10.0	4.1	mb	21	78	1.514	1.05	us	us7000pdfz	2025-04-26T14:47:08.040Z	25 km SSW of Amorgós, Greece	earthquake	5.82	1.958	0.301	3	reviewed	us	us
2025-02-05T16:24:08.395Z	36.5719	25.6947	10.0	4.1	mb	33	78	1.438	1.25	us	us7000pdfs	2025-04-26T14:47:08.040Z	28 km NE of Firá, Greece	earthquake	4.83	1.923	0.184	8	reviewed	us	us
2025-02-05T16:18:41.985Z	36.5349	25.742	10.0	4.2	mb	43	107	1.424	1.08	us	us7000pbkv	2025-04-26T14:47:02.040Z	30 km ENE of Mesariá, Greece	earthquake	6.0	1.875	0.096	30	reviewed	us	us
2025-02-05T16:16:42.158Z	36.5564	25.6616	10.0	4.3	mb	25	104	1.412	0.91	us	us7000pdgj	2025-04-26T14:47:09.040Z	25 km NE of Firá, Greece	earthquake	4.97	1.913	0.201	7	reviewed	us	us
2025-02-05T15:58:48.386Z	36.5793	25.7486	10.0	4.2	mb	41	79	1.465	1.0	us	us7000pdfp	2025-04-26T14:47:08.040Z	31 km SSW of Amorgós, Greece	earthquake	3.27	1.925	0.136	15	reviewed	us	us
2025-02-05T14:49:33.996Z	36.6834	25.407	10.0	4.2	mb	52	73	1.454	0.41	us	us7000pdg0	2025-04-26T14:47:08.040Z	12 km ESE of Íos, Greece	earthquake	5.39	1.902	0.106	25	reviewed	us	us
2025-02-05T14:33:19.791Z	36.6166	25.7299	9.395	4.1	mb	41	77	1.491	0.55	us	us7000pdfh	2025-04-26T14:47:08.040Z	28 km SSW of Amorgós, Greece	earthquake	5.21	4.512	0.131	16	reviewed	us	us
2025-02-05T13:55:06.512Z	36.5576	25.931	10.0	4.1	mb	39	56	1.523	0.53	us	us7000pdfe	2025-04-26T14:47:08.040Z	30 km S of Amorgós, Greece	earthquake	5.2	1.77	0.123	18	reviewed	us	us
2025-02-05T13:09:09.158Z	36.5721	25.7398	10.0	4.2	mb	31	106	1.455	0.61	us	us7000pdfq	2025-04-26T14:47:08.040Z	32 km SSW of Amorgós, Greece	earthquake	5.06	1.896	0.166	10	reviewed	us	us
2025-02-05T12:14:31.251Z	36.4972	25.7925	10.0	4.3	mb	22	109	1.412	0.54	us	us7000pdfb	2025-04-26T14:47:08.040Z	32 km ENE of Mesariá, Greece	earthquake	5.36	1.929	0.154	12	reviewed	us	us
2025-02-05T12:09:36.056Z	36.6351	25.7018	10.0	4.3	mb	33	84	1.497	0.87	us	us7000pdfa	2025-04-26T14:47:08.040Z	28 km SW of Amorgós, Greece	earthquake	5.36	1.898	0.142	14	reviewed	us	us
2025-02-05T11:52:32.550Z	36.504	25.6371	10.0	4.3	mb	29	105	1.357	0.74	us	us7000pbj8	2025-04-26T14:47:02.040Z	20 km NE of Mesariá, Greece	earthquake	4.99	1.46	0.111	23	reviewed	us	us
2025-02-05T11:50:38.676Z	36.5056	25.6042	10.0	4.1	mb	20	117	1.346	0.55	us	us7000pdf9	2025-04-26T14:47:08.040Z	18 km ENE of Firá, Greece	earthquake	6.8	1.927	0.174	9	reviewed	us	us
2025-02-05T11:40:24.195Z	36.6669	25.6653	10.0	4.4	mb	32	77	1.513	0.74	us	us7000pdfl	2025-04-26T14:47:08.040Z	27 km SW of Amorgós, Greece	earthquake	4.95	1.413	0.123	19	reviewed	us	us
2025-02-05T11:33:48.303Z	36.6717	25.6831	10.0	4.5	mwr	101	58	1.523	0.58	us	us7000pbj0	2025-04-26T14:47:02.040Z	26 km SW of Amorgós, Greece	earthquake	3.98	1.857	0.073	18	reviewed	us	us
2025-02-05T11:26:05.218Z	36.3957	25.5448	10.0	4.6	mb	50	111	1.227	0.63	us	us7000pdfj	2025-04-26T14:47:08.040Z	8 km E of Mesariá, Greece	earthquake	5.68	1.891	0.079	48	reviewed	us	us
2025-02-05T11:25:34.311Z	36.6658	25.5378	10.0	4.4	mb	38	99	1.472	0.39	us	us7000pdfi	2025-04-26T14:47:08.040Z	23 km ESE of Íos, Greece	earthquake	5.32	1.243	0.108	25	reviewed	us	us
2025-02-05T11:24:03.684Z	36.4636	25.6653	10.0	4.3	mb	39	112	1.331	0.62	us	us7000pdf5	2025-04-26T14:47:08.040Z	20 km ENE of Mesariá, Greece	earthquake	5.74	1.91	0.094	32	reviewed	us	us
2025-02-05T11:21:41.679Z	36.5635	25.5224	10.0	4.4	mb	33	68	1.372	0.67	us	us7000pdfx	2025-04-26T14:47:08.040Z	17 km NE of Oía, Greece	earthquake	5.53	1.889	0.109	24	reviewed	us	us
2025-02-05T11:17:26.723Z	36.554	25.5345	10.0	4.7	mb	63	104	1.367	0.75	us	us7000pbiu	2025-04-26T14:47:02.040Z	17 km NE of Oía, Greece	earthquake	5.69	1.895	0.073	57	reviewed	us	us
2025-02-05T11:16:06.200Z	36.4851	25.7023	10.0	4.3	mb	27	107	1.365	0.89	us	us7000pdfu	2025-04-26T14:47:08.040Z	24 km ENE of Mesariá, Greece	earthquake	5.81	1.919	0.133	16	reviewed	us	us
2025-02-05T11:13:42.954Z	36.5331	25.7297	10.0	4.5	mb	38	106	1.417	0.69	us	us7000pdf3	2025-04-26T14:47:08.040Z	29 km ENE of Mesariá, Greece	earthquake	5.78	1.911	0.113	23	reviewed	us	us
2025-02-05T11:10:57.322Z	36.6477	25.6137	10.0	4.6	mb	39	102	1.478	0.8	us	us7000pdgq	2025-04-26T14:47:09.040Z	29 km NE of Oía, Greece	earthquake	5.61	1.223	0.105	27	reviewed	us	us
2025-02-05T11:10:24.486Z	36.6906	25.653	10.0	4.8	mb	55	77	1.53	0.54	us	us7000pdft	2025-04-26T14:47:08.040Z	26 km SW of Amorgós, Greece	earthquake	4.98	1.778	0.084	44	reviewed	us	us
2025-02-05T11:08:58.419Z	36.7322	25.5811	10.0	4.7	mww	129	58	1.546	0.59	us	us7000pbir	2025-04-26T14:47:02.040Z	26 km E of Íos, Greece	earthquake	5.17	1.226	0.093	11	reviewed	us	us
2025-02-05T11:03:44.610Z	36.5823	25.6876	10.0	4.2	mb	37	104	1.445	0.94	us	us7000pdf6	2025-04-26T14:47:08.040Z	29 km NE of Firá, Greece	earthquake	4.92	1.858	0.099	28	reviewed	us	us
2025-02-05T11:02:23.747Z	36.8936	25.7032	10.0	4.1	mb	30	73	1.732	0.86	us	us7000pdf4	2025-04-26T14:47:08.040Z	18 km WNW of Amorgós, Greece	earthquake	3.83	1.945	0.158	11	reviewed	us	us
2025-02-05T10:59:31.095Z	36.4131	25.7491	10.0	4.4	mb	16	116	1.322	0.55	us	us7000pdf2	2025-04-26T14:47:08.040Z	27 km E of Mesariá, Greece	earthquake	5.63	1.885	0.17	10	reviewed	us	us
2025-02-05T10:47:45.803Z	36.4647	25.7601	10.0	4.2	mb	32	82	1.371	0.72	us	us7000pdf0	2025-04-26T14:47:08.040Z	28 km ENE of Mesariá, Greece	earthquake	5.36	1.896	0.166	10	reviewed	us	us
2025-02-05T10:35:08.773Z	36.6007	25.6274	10.0	4.8	mb	150	58	1.44	0.69	us	us7000pbig	2025-04-26T14:47:02.040Z	26 km NE of Firá, Greece	earthquake	2.8	1.844	0.047	142	reviewed	us	us
2025-02-05T09:00:54.734Z	36.531	25.6446	10.0	4.2	mb	22	108	1.383	0.91	us	us7000pdew	2025-04-26T14:47:08.040Z	22 km ENE of Firá, Greece	earthquake	5.84	1.923	0.158	11	reviewed	us	us
2025-02-05T07:41:03.856Z	36.5662	25.8549	10.0	4.0	mb	21	111	1.497	1.06	us	us7000pdev	2025-04-26T14:47:08.040Z	29 km S of Amorgós, Greece	earthquake	5.07	1.93	0.184	8	reviewed	us	us
2025-02-05T06:55:35.568Z	36.5893	25.87	10.0	4.4	mb	24	110	1.523	0.77	us	us7000pbfc	2025-04-26T14:47:02.040Z	27 km S of Amorgós, Greece	earthquake	5.84	1.896	0.178	9	reviewed	us	us
2025-02-05T02:28:27.151Z	36.5615	25.531	10.0	4.0	mb	35	80	1.373	0.91	us	us7000pdeq	2025-04-26T14:47:08.040Z	17 km NE of Oía, Greece	earthquake	3.15	1.809	0.122	18	reviewed	us	us
2025-02-05T02:21:04.347Z	36.674	25.5159	10.0	4.4	mb	53	71	1.473	0.65	us	us7000pbdi	2025-04-26T14:47:01.040Z	21 km ESE of Íos, Greece	earthquake	5.11	1.915	0.081	44	reviewed	us	us
2025-02-05T02:18:14.588Z	36.6282	25.5945	10.0	4.0	mb	15	102	1.454	0.97	us	us7000pdek	2025-04-26T14:47:08.040Z	26 km NE of Oía, Greece	earthquake	6.5	1.934	0.149	12	reviewed	us	us
2025-02-05T02:16:43.827Z	36.6133	25.6747	10.0	4.1	mb	25	105	1.468	0.92	us	us7000pbdh	2025-04-26T14:47:01.040Z	30 km NE of Firá, Greece	earthquake	5.55	1.918	0.111	22	reviewed	us	us
2025-02-05T01:55:24.078Z	36.4659	25.6444	10.0	4.1	mb	25	111	1.326	1.13	us	us7000pdej	2025-04-26T14:47:08.040Z	19 km ENE of Mesariá, Greece	earthquake	3.5	1.892	0.123	18	reviewed	us	us
2025-02-05T00:36:05.668Z	36.6555	25.5397	10.0	4.1	mb	31	67	1.463	0.72	us	us7000pdeg	2025-04-26T14:47:08.040Z	24 km ESE of Íos, Greece	earthquake	2.94	1.852	0.107	24	reviewed	us	us
2025-02-04T23:57:06.349Z	36.5936	25.5745	10.0	4.2	mb	27	74	1.416	0.94	us	us7000pd6t	2025-04-15T20:55:35.040Z	22 km NE of Oía, Greece	earthquake	5.59	1.848	0.186	8	reviewed	us	us
2025-02-04T23:53:18.289Z	36.6691	25.5983	10.0	4.2	mb	20	86	1.493	0.42	us	us7000pd79	2025-04-15T20:55:35.040Z	28 km ESE of Íos, Greece	earthquake	4.58	1.936	0.305	3	reviewed	us	us
2025-02-04T21:11:41.258Z	36.4941	25.6559	10.0	4.0	mb	29	79	1.355	0.75	us	us7000pd6i	2025-04-15T20:55:35.040Z	21 km ENE of Mesariá, Greece	earthquake	5.95	1.869	0.173	9	reviewed	us	us
2025-02-04T20:40:59.032Z	36.5869	25.723	10.0	4.4	mb	73	80	1.462	0.77	us	us7000pbbk	2025-04-15T20:55:32.040Z	31 km SSW of Amorgós, Greece	earthquake	7.72	1.871	0.071	57	reviewed	us	us
2025-02-04T20:18:22.131Z	36.498	25.6297	10.0	4.2	mb	40	58	1.349	0.96	us	us7000pbbi	2025-04-15T20:55:32.040Z	19 km NE of Mesariá, Greece	earthquake	6.32	1.9	0.095	31	reviewed	us	us
2025-02-04T20:06:54.717Z	36.5433	25.7047	10.0	4.5	mb	36	79	1.417	0.7	us	us7000pd76	2025-04-15T20:55:35.040Z	28 km NE of Mesariá, Greece	earthquake	5.69	1.688	0.115	22	reviewed	us	us
2025-02-04T20:05:38.293Z	36.4771	25.7281	10.0	4.5	mb	32	81	1.368	0.68	us	us7000pd6f	2025-04-15T20:55:35.040Z	26 km ENE of Mesariá, Greece	earthquake	4.85	1.438	0.15	13	reviewed	us	us
2025-02-04T20:03:11.393Z	36.5267	25.4495	10.0	4.2	mb	19	102	1.317	0.86	us	us7000pd74	2025-04-15T20:55:35.040Z	9 km NE of Oía, Greece	earthquake	3.7	1.952	0.186	8	reviewed	us	us
2025-02-04T20:00:23.415Z	36.5665	25.5654	10.0	4.7	mww	73	58	1.389	1.04	us	us7000pbba	2025-04-15T20:55:32.040Z	20 km NE of Firá, Greece	earthquake	5.52	1.83	0.063	24	reviewed	us	us
2025-02-04T19:54:22.998Z	36.5564	25.6016	10.0	4.1	mb	18	105	1.391	0.89	us	us7000pd6e	2025-04-15T20:55:35.040Z	21 km NE of Firá, Greece	earthquake	5.29	1.937	0.213	6	reviewed	us	us
2025-02-04T19:52:04.150Z	36.5337	25.6148	10.0	4.3	mb	85	77	1.375	1.01	us	us7000pbb9	2025-04-15T20:55:32.040Z	20 km NE of Firá, Greece	earthquake	6.42	1.863	0.077	48	reviewed	us	us
2025-02-04T19:50:33.507Z	36.6084	25.6763	10.0	4.4	mb	53	84	1.464	1.03	us	us7000pbb8	2025-04-15T20:55:32.040Z	30 km NE of Firá, Greece	earthquake	5.25	1.862	0.086	39	reviewed	us	us
2025-02-04T19:03:39.600Z	36.5581	25.6069	10.0	4.1	mb	41	85	1.395	0.83	us	us7000pbar	2025-04-15T20:55:32.040Z	21 km NE of Firá, Greece	earthquake	5.44	1.894	0.126	17	reviewed	us	us
2025-02-04T17:22:56.494Z	36.6327	25.4813	10.0	4.4	mb	30	82	1.425	0.74	us	us7000pd66	2025-04-15T20:55:35.040Z	20 km ESE of Íos, Greece	earthquake	5.54	1.903	0.161	11	reviewed	us	us
2025-02-04T17:10:52.053Z	36.6039	25.6079	10.0	4.5	mww	116	33	1.437	1.09	us	us7000pba3	2025-04-15T20:55:32.040Z	25 km NE of Firá, Greece	earthquake	3.33	1.805	0.075	17	reviewed	us	us
2025-02-04T14:03:46.661Z	36.5349	25.7426	13.041	4.1	mb	23	78	1.424	1.12	us	us7000pd5t	2025-04-15T20:55:34.040Z	30 km ENE of Mesariá, Greece	earthquake	4.08	4.389	0.175	10	reviewed	us	us
2025-02-04T13:52:31.403Z	36.6202	25.655	10.0	4.0	mb	45	89	1.467	0.91	us	us7000pd5s	2025-04-15T20:55:34.040Z	29 km NE of Firá, Greece	earthquake	4.11	1.877	0.113	21	reviewed	us	us
2025-02-04T13:04:14.561Z	36.5558	25.6022	13.546	5.3	mww	193	36	1.391	0.55	us	us7000pb82	2025-04-15T20:55:32.040Z	21 km NE of Firá, Greece	earthquake	4.34	3.396	0.048	41	reviewed	us	us
2025-02-04T12:59:38.080Z	36.626	25.7153	10.0	4.2	mb	39	104	1.494	0.65	us	us7000pb81	2025-04-15T20:55:32.040Z	28 km SW of Amorgós, Greece	earthquake	4.13	1.904	0.128	17	reviewed	us	us
2025-02-04T12:50:20.249Z	36.6392	25.6531	11.646	4.4	mb	96	62	1.484	0.51	us	us7000pb7z	2025-04-15T20:55:32.040Z	30 km SW of Amorgós, Greece	earthquake	4.25	3.833	0.067	65	reviewed	us	us
2025-02-04T12:36:50.370Z	36.4896	25.5615	11.576	4.6	mww	113	58	1.317	0.52	us	us7000pb7w	2025-04-15T20:55:31.040Z	13 km ENE of Firá, Greece	earthquake	5.02	3.931	0.073	18	reviewed	us	us
2025-02-04T12:15:00.419Z	36.5904	25.646	10.0	4.3	mb	32	80	1.437	0.47	us	us7000pd5m	2025-04-15T20:55:34.040Z	26 km NE of Firá, Greece	earthquake	5.1	1.872	0.133	16	reviewed	us	us
2025-02-04T12:04:43.855Z	36.6497	25.6013	10.0	4.2	mb	43	101	1.476	0.55	us	us7000pd5k	2025-04-15T20:55:34.040Z	28 km NE of Oía, Greece	earthquake	4.94	1.834	0.1	28	reviewed	us	us
2025-02-04T10:35:48.041Z	36.6934	25.6689	9.479	4.3	mb	50	101	1.538	0.41	us	us7000pb7n	2025-04-15T20:55:31.040Z	25 km SW of Amorgós, Greece	earthquake	4.66	4.096	0.106	25	reviewed	us	us
2025-02-04T09:23:29.689Z	36.5768	25.5841	10.0	4.3	mb	44	75	1.404	0.75	us	us7000pd5c	2025-04-15T20:55:34.040Z	22 km NE of Firá, Greece	earthquake	3.43	1.889	0.13	17	reviewed	us	us
2025-02-04T09:09:30.439Z	36.6246	25.6672	11.58	4.7	mww	170	58	1.475	0.51	us	us7000pb7g	2025-04-15T20:55:31.040Z	30 km SW of Amorgós, Greece	earthquake	5.79	3.819	0.068	21	reviewed	us	us
2025-02-04T09:03:18.906Z	36.5729	25.7204	7.822	4.6	mb	115	68	1.449	0.58	us	us7000pb7d	2025-04-15T20:55:31.040Z	30 km ENE of Firá, Greece	earthquake	4.17	4.127	0.06	81	reviewed	us	us
2025-02-04T08:55:26.728Z	36.5417	25.6129	10.0	4.6	mb	40	86	1.382	0.78	us	us7000pb7a	2025-04-15T20:55:31.040Z	21 km NE of Firá, Greece	earthquake	4.78	1.72	0.094	34	reviewed	us	us
2025-02-04T08:15:44.825Z	36.5492	25.6635	10.0	4.4	mb	29	107	1.407	1.3	us	us7000pb74	2025-04-15T20:55:31.040Z	25 km NE of Firá, Greece	earthquake	5.7	1.898	0.139	15	reviewed	us	us
2025-02-04T06:56:24.336Z	36.5615	25.5654	10.0	4.1	mb	27	104	1.384	1.2	us	us7000pd53	2025-04-15T20:55:34.040Z	19 km NE of Firá, Greece	earthquake	5.57	1.92	0.185	8	reviewed	us	us
2025-02-04T06:53:24.857Z	36.5853	25.6551	10.0	4.6	mb	111	51	1.436	1.16	us	us7000pb6g	2025-04-15T20:55:31.040Z	27 km NE of Firá, Greece	earthquake	3.04	1.818	0.059	86	reviewed	us	us
2025-02-04T06:37:57.560Z	36.403	25.6746	10.0	4.1	mb	22	115	1.282	1.14	us	us7000pd5j	2025-04-15T20:55:34.040Z	20 km E of Mesariá, Greece	earthquake	4.22	1.918	0.165	10	reviewed	us	us
2025-02-04T06:09:11.943Z	36.5899	25.6465	10.0	4.7	mww	104	51	1.437	1.08	us	us7000pb69	2025-04-15T20:55:31.040Z	26 km NE of Firá, Greece	earthquake	5.34	1.836	0.061	26	reviewed	us	us
2025-02-04T05:30:56.977Z	36.5427	25.5369	10.0	4.1	mb	26	80	1.358	1.19	us	us7000pd5d	2025-04-15T20:55:34.040Z	16 km NE of Firá, Greece	earthquake	3.48	1.925	0.184	8	reviewed	us	us
2025-02-04T05:07:14.083Z	36.5833	25.5695	10.0	4.2	mb	26	103	1.405	0.89	us	us7000pd51	2025-04-15T20:55:34.040Z	21 km NE of Firá, Greece	earthquake	4.29	1.911	0.159	12	reviewed	us	us
2025-02-04T03:03:51.958Z	36.5662	25.6764	10.0	4.2	mb	39	80	1.426	0.88	us	us7000pb5l	2025-04-15T20:55:31.040Z	27 km NE of Firá, Greece	earthquake	4.3	1.683	0.093	32	reviewed	us	us
2025-02-04T02:48:16.318Z	36.5655	25.6209	10.0	4.4	mb	28	106	1.406	0.84	us	us7000pd7b	2025-04-15T20:55:35.040Z	23 km NE of Firá, Greece	earthquake	4.38	1.535	0.134	16	reviewed	us	us
2025-02-04T02:46:06.502Z	36.6511	25.6623	10.0	5.0	mww	195	54	1.498	0.62	us	us7000pb5h	2025-04-15T20:55:31.040Z	29 km SW of Amorgós, Greece	earthquake	5.55	1.802	0.062	25	reviewed	us	us
2025-02-04T01:19:36.938Z	36.5487	25.5124	10.0	4.1	mb	37	58	1.356	0.53	us	us7000pb5a	2025-04-15T20:55:31.040Z	15 km NE of Oía, Greece	earthquake	5.19	1.795	0.093	32	reviewed	us	us
2025-02-03T23:17:33.123Z	36.3743	25.5958	10.0	4.1	mb	37	80	1.226	0.53	us	us7000pcyp	2025-04-15T20:55:34.040Z	13 km ESE of Mesariá, Greece	earthquake	5.32	1.909	0.165	10	reviewed	us	us
2025-02-03T21:23:08.202Z	36.4969	25.6954	10.0	4.1	mb	23	80	1.372	0.56	us	us7000pcyj	2025-04-15T20:55:34.040Z	24 km ENE of Mesariá, Greece	earthquake	4.85	1.928	0.262	4	reviewed	us	us
2025-02-03T20:39:14.773Z	36.6643	25.6754	10.0	4.6	mww	84	58	1.514	0.61	us	us7000pb37	2025-04-15T20:55:31.040Z	27 km SW of Amorgós, Greece	earthquake	5.33	1.858	0.062	25	reviewed	us	us
2025-02-03T20:28:13.127Z	36.6601	25.5204	10.0	4.2	mb	50	78	1.462	0.46	us	us7000pcyg	2025-04-15T20:55:34.040Z	22 km ESE of Íos, Greece	earthquake	3.15	1.896	0.103	29	reviewed	us	us
2025-02-03T20:23:53.566Z	36.5831	25.7287	10.0	4.3	mb	29	107	1.461	0.59	us	us7000pczb	2025-04-15T20:55:34.040Z	31 km SSW of Amorgós, Greece	earthquake	4.97	1.928	0.147	13	reviewed	us	us
2025-02-03T20:19:39.012Z	36.5365	25.6279	10.0	4.9	mww	78	58	1.382	0.77	us	us7000pb33	2025-04-15T20:55:31.040Z	21 km NE of Firá, Greece	earthquake	4.3	1.208	0.052	36	reviewed	us	us
2025-02-03T17:44:59.393Z	36.5473	25.6076	10.0	4.7	mww	69	60	1.385	1.01	us	us7000pb28	2025-04-15T20:55:30.040Z	21 km NE of Firá, Greece	earthquake	4.12	1.845	0.059	28	reviewed	us	us
2025-02-03T15:19:05.096Z	36.5015	25.8113	10.0	4.4	mb	27	70	1.423	1.16	us	us7000pcye	2025-04-15T20:55:34.040Z	34 km ENE of Mesariá, Greece	earthquake	5.79	1.9	0.162	11	reviewed	us	us
2025-02-03T13:52:50.341Z	36.5658	25.6603	10.0	4.1	mb	36	80	1.42	0.85	us	us7000pb0n	2025-04-15T20:55:30.040Z	26 km NE of Firá, Greece	earthquake	6.3	1.818	0.103	26	reviewed	us	us
2025-02-03T13:05:04.508Z	36.6377	25.566	10.0	4.5	mb	60	58	1.454	0.87	us	us7000pb0j	2025-04-15T20:55:30.040Z	25 km NE of Oía, Greece	earthquake	4.75	1.858	0.075	52	reviewed	us	us
2025-02-03T12:38:48.270Z	36.6579	25.6902	10.0	4.2	mb	25	78	1.513	0.95	us	us7000pcxs	2025-04-15T20:55:34.040Z	26 km SW of Amorgós, Greece	earthquake	5.47	1.885	0.152	14	reviewed	us	us
2025-02-03T12:37:14.836Z	36.5141	25.74	10.0	4.0	mb	25	80	1.405	1.04	us	us7000pcxr	2025-04-15T20:55:34.040Z	29 km ENE of Mesariá, Greece	earthquake	2.56	1.944	0.233	6	reviewed	us	us
2025-02-03T12:31:54.365Z	36.6	25.6448	10.0	4.1	mb	30	102	1.445	1.13	us	us7000pcxq	2025-04-15T20:55:34.040Z	27 km NE of Firá, Greece	earthquake	4.72	1.918	0.174	10	reviewed	us	us
2025-02-03T12:17:40.723Z	36.6164	25.6564	10.0	4.9	mww	75	58	1.464	0.81	us	us7000pb0e	2025-04-15T20:55:30.040Z	29 km NE of Firá, Greece	earthquake	4.84	1.828	0.047	43	reviewed	us	us
2025-02-03T12:10:07.926Z	36.6113	25.6845	10.0	4.3	mb	35	105	1.47	0.97	us	us7000pb0d	2025-04-15T20:55:30.040Z	31 km NE of Firá, Greece	earthquake	5.37	1.908	0.087	38	reviewed	us	us
2025-02-03T11:50:48.678Z	36.6886	25.6302	10.0	4.6	mww	70	58	1.521	1.02	us	us7000pb0b	2025-04-15T20:55:30.040Z	28 km WSW of Amorgós, Greece	earthquake	5.49	1.865	0.08	15	reviewed	us	us
2025-02-03T11:44:05.442Z	36.6773	25.6891	10.0	4.2	mb	23	102	1.53	1.33	us	us7000pcxi	2025-04-15T20:55:34.040Z	25 km SW of Amorgós, Greece	earthquake	5.43	1.928	0.175	9	reviewed	us	us
2025-02-03T11:21:00.070Z	36.6848	25.6611	10.0	4.4	mb	52	77	1.528	0.82	us	us7000pb05	2025-04-15T20:55:30.040Z	26 km SW of Amorgós, Greece	earthquake	5.56	1.86	0.078	47	reviewed	us	us
2025-02-03T10:36:08.485Z	36.4411	25.628	10.0	4.1	mb	37	106	1.298	0.9	us	us7000pcxc	2025-04-15T20:55:34.040Z	16 km ENE of Mesariá, Greece	earthquake	5.73	1.898	0.14	14	reviewed	us	us
2025-02-03T09:48:58.505Z	36.6194	25.6796	10.0	4.3	mb	25	79	1.475	0.73	us	us7000pcxu	2025-04-15T20:55:34.040Z	30 km SW of Amorgós, Greece	earthquake	5.24	1.835	0.16	13	reviewed	us	us
2025-02-03T09:29:43.117Z	36.5701	25.628	10.0	4.9	mww	68	83	1.413	0.88	us	us7000pazp	2025-04-15T20:55:30.040Z	24 km NE of Firá, Greece	earthquake	4.12	1.786	0.046	45	reviewed	us	us
2025-02-03T09:27:17.715Z	36.489	25.5688	10.0	4.1	mb	34	83	1.319	1.32	us	us7000pcx8	2025-04-15T20:55:34.040Z	14 km ENE of Firá, Greece	earthquake	4.99	1.903	0.114	21	reviewed	us	us
2025-02-03T08:56:52.421Z	36.4216	25.7353	10.153	4.4	mb	56	110	1.323	0.41	us	us7000pazm	2025-04-15T20:55:30.040Z	25 km E of Mesariá, Greece	earthquake	4.31	4.325	0.095	32	reviewed	us	us
2025-02-03T08:52:43.292Z	36.5281	25.6399	10.0	4.1	mb	42	77	1.379	0.39	us	us7000pcx6	2025-04-15T20:55:34.040Z	22 km ENE of Firá, Greece	earthquake	4.06	1.867	0.117	20	reviewed	us	us
2025-02-03T08:26:28.762Z	36.6341	25.669	10.0	4.9	mww	214	58	1.485	0.45	us	us7000pazi	2025-04-15T20:55:29.040Z	30 km SW of Amorgós, Greece	earthquake	4.5	1.814	0.066	22	reviewed	us	us
2025-02-03T08:17:23.365Z	36.5225	25.7889	10.0	4.4	mb	23	116	1.432	0.38	us	us7000pcx5	2025-04-15T20:55:34.040Z	33 km ENE of Mesariá, Greece	earthquake	5.79	1.906	0.17	10	reviewed	us	us
2025-02-03T08:13:08.237Z	36.6296	25.693	9.506	5.0	mww	133	58	1.489	0.45	us	us7000paze	2025-04-15T20:55:29.040Z	28 km SW of Amorgós, Greece	earthquake	4.41	4.037	0.103	9	reviewed	us	us
2025-02-03T08:10:15.874Z	36.6711	25.6052	8.236	4.5	mb	106	58	1.497	0.58	us	us7000pazc	2025-04-15T20:55:29.040Z	29 km ESE of Íos, Greece	earthquake	4.55	4.074	0.062	75	reviewed	us	us
2025-02-03T08:06:30.580Z	36.553	25.6585	10.0	4.3	mb	39	104	1.408	0.46	us	us7000pcxx	2025-04-15T20:55:34.040Z	25 km NE of Firá, Greece	earthquake	5.08	1.89	0.148	13	reviewed	us	us
2025-02-03T08:05:34.509Z	36.546	25.6381	6.724	4.3	mb	65	75	1.395	0.61	us	us7000pazb	2025-04-15T20:55:29.040Z	23 km NE of Firá, Greece	earthquake	4.14	4.273	0.089	36	reviewed	us	us
2025-02-03T07:59:01.004Z	36.3514	25.6458	10.0	4.5	mb	80	33	1.226	0.55	us	us7000paz6	2025-04-15T20:55:29.040Z	17 km E of Emporeío, Greece	earthquake	4.88	1.851	0.06	81	reviewed	us	us
2025-02-03T07:50:53.529Z	36.2377	25.6352	10.0	4.5	mb	35	113	1.125	0.53	us	us7000pcx4	2025-04-15T20:55:34.040Z	21 km SE of Emporeío, Greece	earthquake	4.81	1.871	0.131	17	reviewed	us	us
2025-02-03T07:49:21.327Z	36.5093	25.6791	10.0	4.1	mb	42	106	1.377	0.59	us	us7000pcx3	2025-04-15T20:55:34.040Z	24 km ENE of Mesariá, Greece	earthquake	4.79	1.887	0.117	21	reviewed	us	us
2025-02-03T07:45:05.185Z	36.4397	25.7803	8.702	4.4	mb	59	84	1.358	0.37	us	us7000paz0	2025-04-15T20:55:29.040Z	30 km E of Mesariá, Greece	earthquake	4.43	4.129	0.091	35	reviewed	us	us
2025-02-03T07:42:46.030Z	36.5756	25.5483	9.072	4.4	mb	72	84	1.392	0.45	us	us7000payz	2025-04-15T20:55:29.040Z	19 km NE of Oía, Greece	earthquake	4.4	3.718	0.078	47	reviewed	us	us
2025-02-03T07:36:22.933Z	36.5349	25.6412	9.299	4.3	mb	69	84	1.386	0.5	us	us7000payw	2025-04-15T20:55:29.040Z	22 km NE of Firá, Greece	earthquake	4.04	4.168	0.085	39	reviewed	us	us
2025-02-03T07:09:04.633Z	36.5057	25.6521	12.083	4.2	mb	60	105	1.364	0.55	us	us7000payl	2025-04-15T20:55:29.040Z	21 km ENE of Mesariá, Greece	earthquake	5.37	4.198	0.089	35	reviewed	us	us
2025-02-03T05:48:25.485Z	36.5757	25.5858	11.379	4.3	mb	42	101	1.404	0.42	us	us7000payb	2025-04-15T20:55:29.040Z	22 km NE of Firá, Greece	earthquake	4.68	4.076	0.111	23	reviewed	us	us
2025-02-03T05:35:22.558Z	36.5653	25.5865	10.0	4.5	mb	51	78	1.394	0.39	us	us7000pcww	2025-04-15T20:55:34.040Z	21 km NE of Firá, Greece	earthquake	3.75	1.479	0.101	29	reviewed	us	us
2025-02-03T05:24:43.794Z	36.3624	25.5488	10.0	4.4	mb	37	101	1.198	0.52	us	us7000pcxe	2025-04-15T20:55:34.040Z	9 km E of Emporeío, Greece	earthquake	4.81	1.886	0.12	20	reviewed	us	us
2025-02-03T05:11:50.253Z	36.6527	25.6467	11.361	4.3	mb	59	102	1.494	0.44	us	us7000pay8	2025-04-15T20:55:29.040Z	29 km SW of Amorgós, Greece	earthquake	5.58	4.152	0.076	49	reviewed	us	us
2025-02-03T05:10:44.768Z	36.5059	25.6047	10.0	4.2	mb	43	108	1.347	0.44	us	us7000pay4	2025-04-15T20:55:29.040Z	18 km ENE of Firá, Greece	earthquake	4.95	1.857	0.097	30	reviewed	us	us
2025-02-03T04:20:40.158Z	36.5755	25.6175	9.499	4.4	mb	53	58	1.414	0.6	us	us7000paxw	2025-04-15T20:55:29.040Z	23 km NE of Firá, Greece	earthquake	3.57	4.247	0.082	43	reviewed	us	us
2025-02-03T01:59:29.522Z	36.5995	25.5887	10.0	4.1	mb	33	58	1.426	1.22	us	us7000pax9	2025-04-15T20:55:29.040Z	24 km NE of Firá, Greece	earthquake	4.68	1.873	0.099	28	reviewed	us	us
2025-02-02T23:54:41.798Z	36.5329	25.6191	10.0	4.5	mwr	65	51	1.376	0.58	us	us7000pawd	2025-04-15T20:55:29.040Z	20 km NE of Firá, Greece	earthquake	5.97	1.846	0.071	19	reviewed	us	us
2025-02-02T22:05:22.795Z	36.62	25.4975	10.0	4.2	mb	20	100	1.418	0.68	us	us7000paw0	2025-04-15T20:55:29.040Z	20 km NNE of Oía, Greece	earthquake	4.86	1.624	0.152	12	reviewed	us	us
2025-02-02T20:14:24.520Z	36.5404	25.5038	10.0	4.5	mb	55	82	1.345	0.53	us	us7000pavd	2025-04-15T20:55:28.040Z	14 km NE of Oía, Greece	earthquake	4.14	1.867	0.085	40	reviewed	us	us
2025-02-02T18:27:46.605Z	36.7295	25.5464	10.0	4.2	mb	38	97	1.534	0.89	us	us7000pav1	2025-04-15T20:55:28.040Z	23 km E of Íos, Greece	earthquake	3.51	1.893	0.121	19	reviewed	us	us
2025-02-02T18:25:30.194Z	36.6349	25.6933	10.0	4.2	mb	41	103	1.494	0.87	us	us7000pauv	2025-04-15T20:55:28.040Z	28 km SW of Amorgós, Greece	earthquake	4.26	1.886	0.11	23	reviewed	us	us
2025-02-02T17:45:42.629Z	36.4975	25.5497	10.0	4.7	mww	103	55	1.321	0.83	us	us7000pauq	2025-04-15T20:55:28.040Z	13 km NE of Firá, Greece	earthquake	1.87	1.842	0.056	31	reviewed	us	us
2025-02-02T17:41:20.249Z	36.5144	25.64	10.0	4.7	mww	73	58	1.367	0.83	us	us7000paup	2025-04-15T20:55:28.040Z	21 km ENE of Firá, Greece	earthquake	5.36	1.855	0.061	26	reviewed	us	us
2025-02-02T17:04:11.184Z	36.543	25.6697	10.0	4.2	mb	43	63	1.403	0.79	us	us7000pauf	2025-04-15T20:55:28.040Z	25 km ENE of Firá, Greece	earthquake	3.46	1.864	0.124	18	reviewed	us	us
2025-02-02T13:32:30.092Z	36.5684	25.6185	10.0	4.3	mb	30	65	1.408	0.92	us	us7000patl	2025-04-15T20:55:28.040Z	23 km NE of Firá, Greece	earthquake	5.18	1.825	0.099	29	reviewed	us	us
2025-02-02T12:55:42.204Z	36.6529	25.6674	10.0	4.8	mww	186	36	1.501	0.49	us	us7000patf	2025-04-15T20:55:28.040Z	28 km SW of Amorgós, Greece	earthquake	5.0	1.828	0.06	27	reviewed	us	us
2025-02-02T12:10:09.601Z	36.5338	25.6618	10.0	4.4	mb	32	105	1.392	0.76	us	us7000pcq0	2025-04-15T20:55:34.040Z	24 km ENE of Firá, Greece	earthquake	4.99	1.732	0.123	19	reviewed	us	us
2025-02-02T11:53:44.262Z	36.6465	25.6007	10.0	4.4	mb	74	81	1.473	0.52	us	us7000pat1	2025-04-15T20:55:28.040Z	28 km NE of Oía, Greece	earthquake	4.69	1.879	0.075	51	reviewed	us	us
2025-02-02T11:41:27.490Z	36.63	25.6257	10.0	4.4	mb	144	51	1.466	0.59	us	us7000pasz	2025-04-15T20:55:28.040Z	29 km NE of Firá, Greece	earthquake	4.59	1.857	0.058	87	reviewed	us	us
2025-02-02T11:35:33.679Z	36.5915	25.6267	10.0	4.4	mb	55	102	1.432	0.67	us	us7000pasy	2025-04-15T20:55:28.040Z	25 km NE of Firá, Greece	earthquake	5.0	1.87	0.092	34	reviewed	us	us
2025-02-02T11:04:14.286Z	36.4618	25.6086	10.0	4.2	mwr	78	58	1.309	0.55	us	us7000pasv	2025-04-15T20:55:28.040Z	15 km ENE of Mesariá, Greece	earthquake	6.02	1.878	0.086	13	reviewed	us	us
2025-02-02T09:34:22.582Z	36.5257	25.497	10.0	4.3	mb	37	100	1.33	1.01	us	us7000pcpg	2025-04-15T20:55:33.040Z	12 km ENE of Oía, Greece	earthquake	5.41	1.844	0.148	13	reviewed	us	us
2025-02-02T09:26:24.826Z	36.5284	25.7839	10.0	4.0	mb	15	111	1.435	1.4	us	us7000pcph	2025-04-15T20:55:33.040Z	33 km ENE of Mesariá, Greece	earthquake	6.31	1.51	0.212	6	reviewed	us	us
2025-02-02T09:14:22.781Z	36.5768	25.5273	10.0	4.2	mb	58	103	1.386	0.45	us	us7000pas7	2025-04-15T20:55:28.040Z	18 km NE of Oía, Greece	earthquake	3.58	1.872	0.085	39	reviewed	us	us
2025-02-02T08:37:04.039Z	36.6227	25.5527	10.0	4.1	mb	27	101	1.436	0.99	us	us7000pas3	2025-04-15T20:55:28.040Z	23 km NE of Oía, Greece	earthquake	5.25	1.892	0.114	21	reviewed	us	us
2025-02-02T07:22:05.309Z	36.6439	25.592	10.0	4.6	mww	51	81	1.468	0.86	us	us7000parp	2025-04-15T20:55:27.040Z	27 km NE of Oía, Greece	earthquake	5.3	1.848	0.063	24	reviewed	us	us
2025-02-02T06:48:08.601Z	36.4818	25.6178	10.0	4.2	mb	33	105	1.33	1.08	us	us7000park	2025-04-15T20:55:27.040Z	17 km ENE of Mesariá, Greece	earthquake	4.7	1.894	0.108	24	reviewed	us	us
2025-02-01T13:29:55.778Z	36.4448	25.607	10.0	4.4	mb	33	74	1.293	0.74	us	us7000pamt	2025-04-15T20:55:27.040Z	15 km ENE of Mesariá, Greece	earthquake	6.14	1.89	0.095	37	reviewed	us	us
2025-02-01T12:51:44.966Z	36.4479	25.6859	10.0	4.2	mb	21	84	1.326	0.92	us	us7000pamr	2025-04-15T20:55:27.040Z	22 km ENE of Mesariá, Greece	earthquake	3.17	1.91	0.128	17	reviewed	us	us
2025-02-01T10:16:36.340Z	36.4832	25.6878	10.0	4.0	mb	28	107	1.357	1.12	us	us7000palr	2025-04-15T20:55:26.040Z	23 km ENE of Mesariá, Greece	earthquake	4.68	1.357	0.122	19	reviewed	us	us
2025-02-01T05:31:34.237Z	36.5348	25.5769	10.0	4.4	mb	78	75	1.363	0.9	us	us7000pakk	2025-04-15T20:55:26.040Z	18 km NE of Firá, Greece	earthquake	4.19	1.756	0.077	49	reviewed	us	us
2025-01-25T06:57:25.683Z	36.2867	25.4463	15.037	4.0	mb	22	113	1.094	1.08	us	us6000pm9g	2025-04-08T22:00:59.040Z	7 km S of Emporeío, Greece	earthquake	4.71	5.393	0.144	13	reviewed	us	us
